BEGIN TRANSACTION;
CREATE TABLE IF NOT EXISTS "attendance" (
	"attendance_id"	INTEGER,
	"employee_id"	TEXT,
	"date"	TEXT,
	"time_in"	TEXT,
	"time_out"	TEXT,
	PRIMARY KEY("attendance_id"),
	FOREIGN KEY("employee_id") REFERENCES "employee"("employee_id")
);
CREATE TABLE IF NOT EXISTS "benefits" (
	"position"	TEXT,
	"rice_subsidy"	INTEGER,
	"phone_allowance"	INTEGER,
	"clothing_allowance"	INTEGER,
	PRIMARY KEY("position")
);
CREATE TABLE IF NOT EXISTS "employee" (
	"employee_id"	TEXT,
	"last_name"	TEXT,
	"first_name"	TEXT,
	"birthday"	TEXT,
	"phone_number"	REAL UNIQUE,
	"address"	TEXT,
	"status"	TEXT,
	"position"	TEXT,
	"supervisor"	TEXT,
	"department"	TEXT,
	"basic_salary"	INTEGER,
	"hourly_rate"	NUMERIC,
	PRIMARY KEY("employee_id"),
	FOREIGN KEY("position") REFERENCES "benefits"("position")
);
CREATE TABLE IF NOT EXISTS "leave_request" (
	"id"	TEXT,
	"employee_id"	TEXT,
	"leave_type"	TEXT,
	"start_date"	TEXT,
	"end_date"	TEXT,
	"status"	TEXT,
	PRIMARY KEY("id")
);
CREATE TABLE IF NOT EXISTS "payroll" (
	"payroll_id"	TEXT,
	"employee_id"	TEXT,
	"period_start"	TEXT,
	"period_end"	TEXT,
	"working_hours"	NUMERIC,
	"sss_contribution"	NUMERIC,
	"philhealth_contribution"	NUMERIC,
	"pagibig_contribution"	NUMERIC,
	"witholding_tax"	NUMERIC,
	"rice_subsidy"	NUMERIC,
	"phone_allowance"	NUMERIC,
	"clothing_allowance"	NUMERIC,
	PRIMARY KEY("payroll_id")
);
CREATE TABLE IF NOT EXISTS "user" (
	"id"	TEXT,
	"username"	TEXT UNIQUE,
	"password"	TEXT,
	"role"	TEXT,
	PRIMARY KEY("id")
);
INSERT INTO "attendance" ("attendance_id","employee_id","date","time_in","time_out") VALUES (1,'16','2022-01-09','8:00:00','17:00:00'),
 (2,'7','2022-01-09','8:00:00','17:00:00'),
 (3,'11','2022-01-09','8:00:00','17:00:00'),
 (4,'8','2022-01-09','8:00:00','17:00:00'),
 (5,'9','2022-01-09','8:00:00','17:00:00'),
 (6,'13','2022-01-09','8:27:00','17:00:00'),
 (7,'14','2022-01-09','8:01:00','17:00:00'),
 (8,'18','2022-01-09','8:05:00','17:00:00'),
 (9,'19','2022-01-09','8:00:00','17:00:00'),
 (10,'12','2022-01-09','8:00:00','17:00:00'),
 (11,'17','2022-01-09','8:00:00','17:00:00'),
 (12,'15','2022-01-09','8:00:00','17:00:00'),
 (13,'20','2022-01-09','8:00:00','17:00:00'),
 (14,'21','2022-01-09','8:00:00','17:00:00'),
 (15,'22','2022-01-09','8:28:00','17:00:00'),
 (16,'23','2022-01-09','8:00:00','17:00:00'),
 (17,'24','2022-01-09','8:00:00','17:00:00'),
 (18,'25','2022-01-09','8:00:00','17:00:00'),
 (19,'26','2022-01-09','8:00:00','17:00:00'),
 (20,'27','2022-01-09','8:11:00','17:00:00'),
 (21,'28','2022-01-09','8:00:00','17:00:00'),
 (22,'29','2022-01-09','8:00:00','17:00:00'),
 (23,'30','2022-01-09','8:21:00','17:00:00'),
 (24,'31','2022-01-09','8:00:00','17:00:00'),
 (25,'16','2022-02-09','8:00:00','17:00:00'),
 (26,'7','2022-02-09','8:00:00','17:00:00'),
 (27,'11','2022-02-09','8:00:00','17:00:00'),
 (28,'8','2022-02-09','8:00:00','17:00:00'),
 (29,'9','2022-02-09','8:00:00','17:00:00'),
 (30,'13','2022-02-09','8:00:00','17:00:00'),
 (31,'14','2022-02-09','8:00:00','17:00:00'),
 (32,'18','2022-02-09','8:00:00','17:00:00'),
 (33,'19','2022-02-09','8:00:00','17:00:00'),
 (34,'12','2022-02-09','8:00:00','17:00:00'),
 (35,'17','2022-02-09','8:00:00','17:00:00'),
 (36,'15','2022-02-09','8:00:00','17:00:00'),
 (37,'20','2022-02-09','8:00:00','17:00:00'),
 (38,'21','2022-02-09','8:00:00','17:00:00'),
 (39,'22','2022-02-09','8:00:00','17:00:00'),
 (40,'23','2022-02-09','8:00:00','17:00:00'),
 (41,'24','2022-02-09','8:00:00','17:00:00'),
 (42,'25','2022-02-09','8:00:00','17:00:00'),
 (43,'26','2022-02-09','8:00:00','17:00:00'),
 (44,'27','2022-02-09','8:00:00','17:00:00'),
 (45,'28','2022-02-09','8:00:00','17:00:00'),
 (46,'29','2022-02-09','8:00:00','17:00:00'),
 (47,'30','2022-02-09','8:00:00','17:00:00'),
 (48,'31','2022-02-09','8:00:00','17:00:00'),
 (49,'16','2022-05-09','8:00:00','17:00:00'),
 (50,'7','2022-05-09','8:00:00','17:00:00'),
 (51,'11','2022-05-09','8:00:00','17:00:00'),
 (52,'8','2022-05-09','8:15:00','17:00:00'),
 (53,'9','2022-05-09','8:00:00','17:00:00'),
 (54,'13','2022-05-09','8:00:00','17:00:00'),
 (55,'14','2022-05-09','8:00:00','17:00:00'),
 (56,'18','2022-05-09','8:00:00','17:00:00'),
 (57,'19','2022-05-09','8:00:00','17:00:00'),
 (58,'12','2022-05-09','10:30:00','17:00:00'),
 (59,'17','2022-05-09','8:00:00','17:00:00'),
 (60,'15','2022-05-09','8:00:00','17:00:00'),
 (61,'20','2022-05-09','8:00:00','17:00:00'),
 (62,'21','2022-05-09','8:00:00','17:00:00'),
 (63,'22','2022-05-09','8:00:00','17:00:00'),
 (64,'23','2022-05-09','8:00:00','17:00:00'),
 (65,'24','2022-05-09','8:00:00','17:00:00'),
 (66,'25','2022-05-09','8:00:00','17:00:00'),
 (67,'26','2022-05-09','8:00:00','17:00:00'),
 (68,'27','2022-05-09','13:00:00','17:00:00'),
 (69,'28','2022-05-09','8:00:00','17:00:00'),
 (70,'29','2022-05-09','8:00:00','17:00:00'),
 (71,'30','2022-05-09','8:00:00','17:00:00'),
 (72,'31','2022-05-09','8:00:00','17:00:00'),
 (73,'16','2022-06-09','8:00:00','17:00:00'),
 (74,'7','2022-06-09','11:30:00','17:00:00'),
 (75,'11','2022-06-09','8:00:00','17:00:00'),
 (76,'8','2022-06-09','8:00:00','17:00:00'),
 (77,'9','2022-06-09','8:00:00','17:00:00'),
 (78,'13','2022-06-09','8:00:00','17:00:00'),
 (79,'14','2022-06-09','8:10:00','17:00:00'),
 (80,'18','2022-06-09','0:00:00','0:00:00'),
 (81,'19','2022-06-09','8:00:00','17:00:00'),
 (82,'12','2022-06-09','8:00:00','17:00:00'),
 (83,'17','2022-06-09','8:00:00','17:00:00'),
 (84,'15','2022-06-09','8:00:00','17:00:00'),
 (85,'20','2022-06-09','8:00:00','17:00:00'),
 (86,'21','2022-06-09','8:00:00','17:00:00'),
 (87,'22','2022-06-09','8:00:00','17:00:00'),
 (88,'23','2022-06-09','8:05:00','17:00:00'),
 (89,'24','2022-06-09','8:00:00','17:00:00'),
 (90,'25','2022-06-09','8:00:00','17:00:00'),
 (91,'26','2022-06-09','8:00:00','17:00:00'),
 (92,'27','2022-06-09','8:00:00','17:00:00'),
 (93,'28','2022-06-09','8:00:00','17:00:00'),
 (94,'29','2022-06-09','9:00:00','17:00:00'),
 (95,'30','2022-06-09','8:00:00','17:00:00'),
 (96,'31','2022-06-09','8:00:00','17:00:00'),
 (97,'16','2022-07-09','8:00:00','17:00:00'),
 (98,'7','2022-07-09','8:00:00','17:00:00'),
 (99,'11','2022-07-09','8:00:00','17:00:00'),
 (100,'8','2022-07-09','8:00:00','17:00:00'),
 (101,'9','2022-07-09','8:00:00','17:00:00'),
 (102,'13','2022-07-09','8:00:00','17:00:00'),
 (103,'14','2022-07-09','8:00:00','17:00:00'),
 (104,'18','2022-07-09','0:00:00','0:00:00'),
 (105,'19','2022-07-09','8:00:00','17:00:00'),
 (106,'12','2022-07-09','8:00:00','17:00:00'),
 (107,'17','2022-07-09','8:00:00','17:00:00'),
 (108,'15','2022-07-09','8:00:00','17:00:00'),
 (109,'20','2022-07-09','8:00:00','17:00:00'),
 (110,'21','2022-07-09','8:00:00','17:00:00'),
 (111,'22','2022-07-09','8:00:00','17:00:00'),
 (112,'23','2022-07-09','8:00:00','17:00:00'),
 (113,'24','2022-07-09','8:00:00','17:00:00'),
 (114,'25','2022-07-09','8:00:00','17:00:00'),
 (115,'26','2022-07-09','8:00:00','17:00:00'),
 (116,'27','2022-07-09','8:00:00','17:00:00'),
 (117,'28','2022-07-09','8:00:00','17:00:00'),
 (118,'29','2022-07-09','8:00:00','17:00:00'),
 (119,'30','2022-07-09','8:00:00','17:00:00'),
 (120,'31','2022-07-09','8:00:00','17:00:00'),
 (121,'16','2022-08-09','8:00:00','17:00:00'),
 (122,'7','2022-08-09','8:00:00','17:00:00'),
 (123,'11','2022-08-09','8:00:00','17:00:00'),
 (124,'8','2022-08-09','8:00:00','17:00:00'),
 (125,'9','2022-08-09','8:00:00','17:00:00'),
 (126,'13','2022-08-09','8:00:00','17:00:00'),
 (127,'14','2022-08-09','8:00:00','17:00:00'),
 (128,'18','2022-08-09','0:00:00','0:00:00'),
 (129,'19','2022-08-09','8:00:00','17:00:00'),
 (130,'12','2022-08-09','8:00:00','17:00:00'),
 (131,'17','2022-08-09','8:00:00','17:00:00'),
 (132,'15','2022-08-09','10:00:00','17:00:00'),
 (133,'20','2022-08-09','10:00:00','17:00:00'),
 (134,'21','2022-08-09','10:00:00','17:00:00'),
 (135,'22','2022-08-09','10:00:00','17:00:00'),
 (136,'23','2022-08-09','10:00:00','17:00:00'),
 (137,'24','2022-08-09','10:00:00','17:00:00'),
 (138,'25','2022-08-09','10:00:00','17:00:00'),
 (139,'26','2022-08-09','10:00:00','17:00:00'),
 (140,'27','2022-08-09','10:00:00','17:00:00'),
 (141,'28','2022-08-09','10:00:00','17:00:00'),
 (142,'29','2022-08-09','10:00:00','17:00:00'),
 (143,'30','2022-08-09','10:00:00','17:00:00'),
 (144,'31','2022-08-09','10:00:00','17:00:00'),
 (145,'16','2022-09-09','8:00:00','17:00:00'),
 (146,'7','2022-09-09','8:00:00','17:00:00'),
 (147,'11','2022-09-09','8:00:00','17:00:00'),
 (148,'8','2022-09-09','8:00:00','17:00:00'),
 (149,'9','2022-09-09','8:00:00','17:00:00'),
 (150,'13','2022-09-09','8:00:00','17:00:00'),
 (151,'14','2022-09-09','8:00:00','17:00:00'),
 (152,'18','2022-09-09','0:00:00','0:00:00'),
 (153,'19','2022-09-09','8:00:00','17:00:00'),
 (154,'12','2022-09-09','8:00:00','17:00:00'),
 (155,'17','2022-09-09','8:00:00','17:00:00'),
 (156,'15','2022-09-09','8:00:00','17:00:00'),
 (157,'20','2022-09-09','8:00:00','17:00:00'),
 (158,'21','2022-09-09','8:00:00','17:00:00'),
 (159,'22','2022-09-09','8:00:00','17:00:00'),
 (160,'23','2022-09-09','8:00:00','17:00:00'),
 (161,'24','2022-09-09','8:00:00','17:00:00'),
 (162,'25','2022-09-09','8:00:00','17:00:00'),
 (163,'26','2022-09-09','8:00:00','17:00:00'),
 (164,'27','2022-09-09','8:00:00','17:00:00'),
 (165,'28','2022-09-09','8:00:00','17:00:00'),
 (166,'29','2022-09-09','8:00:00','17:00:00'),
 (167,'30','2022-09-09','8:00:00','17:00:00'),
 (168,'31','2022-09-09','8:00:00','17:00:00'),
 (169,'16','2022-12-09','8:00:00','17:00:00'),
 (170,'7','2022-12-09','8:00:00','17:00:00'),
 (171,'11','2022-12-09','8:00:00','17:00:00'),
 (172,'8','2022-12-09','8:00:00','17:00:00'),
 (173,'9','2022-12-09','8:00:00','17:00:00'),
 (174,'13','2022-12-09','8:27:00','17:00:00'),
 (175,'14','2022-12-09','8:01:00','17:00:00'),
 (176,'18','2022-12-09','0:00:00','0:00:00'),
 (177,'19','2022-12-09','8:00:00','17:00:00'),
 (178,'12','2022-12-09','8:00:00','17:00:00'),
 (179,'17','2022-12-09','8:00:00','17:00:00'),
 (180,'15','2022-12-09','8:00:00','17:00:00'),
 (181,'20','2022-12-09','8:00:00','17:00:00'),
 (182,'21','2022-12-09','8:00:00','17:00:00'),
 (183,'22','2022-12-09','8:28:00','17:00:00'),
 (184,'23','2022-12-09','8:00:00','17:00:00'),
 (185,'24','2022-12-09','8:00:00','17:00:00'),
 (186,'25','2022-12-09','8:00:00','17:00:00'),
 (187,'26','2022-12-09','8:00:00','17:00:00'),
 (188,'27','2022-12-09','8:11:00','17:00:00'),
 (189,'28','2022-12-09','8:00:00','17:00:00'),
 (190,'29','2022-12-09','8:00:00','17:00:00'),
 (191,'30','2022-12-09','8:21:00','17:00:00'),
 (192,'31','2022-12-09','8:00:00','17:00:00'),
 (193,'16','2022-09-13','8:00:00','17:00:00'),
 (194,'7','2022-09-13','8:00:00','17:00:00'),
 (195,'11','2022-09-13','8:00:00','17:00:00'),
 (196,'8','2022-09-13','8:00:00','17:00:00'),
 (197,'9','2022-09-13','8:00:00','17:00:00'),
 (198,'13','2022-09-13','8:00:00','17:00:00'),
 (199,'14','2022-09-13','8:00:00','17:00:00'),
 (200,'18','2022-09-13','8:00:00','17:00:00'),
 (201,'19','2022-09-13','8:00:00','17:00:00'),
 (202,'12','2022-09-13','8:00:00','17:00:00'),
 (203,'17','2022-09-13','8:00:00','17:00:00'),
 (204,'15','2022-09-13','8:00:00','17:00:00'),
 (205,'20','2022-09-13','8:00:00','17:00:00'),
 (206,'21','2022-09-13','8:00:00','17:00:00'),
 (207,'22','2022-09-13','8:00:00','17:00:00'),
 (208,'23','2022-09-13','0:00:00','0:00:00'),
 (209,'24','2022-09-13','8:00:00','17:00:00'),
 (210,'25','2022-09-13','8:00:00','17:00:00'),
 (211,'26','2022-09-13','8:00:00','17:00:00'),
 (212,'27','2022-09-13','8:00:00','17:00:00'),
 (213,'28','2022-09-13','8:00:00','17:00:00'),
 (214,'29','2022-09-13','8:00:00','17:00:00'),
 (215,'30','2022-09-13','8:00:00','17:00:00'),
 (216,'31','2022-09-13','8:00:00','17:00:00'),
 (217,'16','2022-09-14','8:00:00','17:00:00'),
 (218,'7','2022-09-14','8:00:00','17:00:00'),
 (219,'11','2022-09-14','8:00:00','17:00:00'),
 (220,'8','2022-09-14','8:15:00','17:00:00'),
 (221,'9','2022-09-14','8:00:00','17:00:00'),
 (222,'13','2022-09-14','8:00:00','17:00:00'),
 (223,'14','2022-09-14','8:00:00','17:00:00'),
 (224,'18','2022-09-14','8:00:00','17:00:00'),
 (225,'19','2022-09-14','8:00:00','17:00:00'),
 (226,'12','2022-09-14','10:30:00','17:00:00'),
 (227,'17','2022-09-14','8:00:00','17:00:00'),
 (228,'15','2022-09-14','8:00:00','17:00:00'),
 (229,'20','2022-09-14','8:00:00','17:00:00'),
 (230,'21','2022-09-14','8:00:00','17:00:00'),
 (231,'22','2022-09-14','8:00:00','17:00:00'),
 (232,'23','2022-09-14','8:00:00','17:00:00'),
 (233,'24','2022-09-14','8:00:00','17:00:00'),
 (234,'25','2022-09-14','8:00:00','17:00:00'),
 (235,'26','2022-09-14','8:00:00','17:00:00'),
 (236,'27','2022-09-14','13:00:00','17:00:00'),
 (237,'28','2022-09-14','8:00:00','17:00:00'),
 (238,'29','2022-09-14','8:00:00','17:00:00'),
 (239,'30','2022-09-14','8:00:00','17:00:00'),
 (240,'31','2022-09-14','8:00:00','17:00:00'),
 (241,'16','2022-09-15','8:00:00','17:00:00'),
 (242,'7','2022-09-15','11:30:00','17:00:00'),
 (243,'11','2022-09-15','8:00:00','17:00:00'),
 (244,'8','2022-09-15','8:00:00','17:00:00'),
 (245,'9','2022-09-15','8:00:00','17:00:00'),
 (246,'13','2022-09-15','8:00:00','17:00:00'),
 (247,'14','2022-09-15','8:10:00','17:00:00'),
 (248,'18','2022-09-15','8:00:00','17:00:00'),
 (249,'19','2022-09-15','8:00:00','17:00:00'),
 (250,'12','2022-09-15','8:00:00','17:00:00'),
 (251,'17','2022-09-15','8:00:00','17:00:00'),
 (252,'15','2022-09-15','8:00:00','17:00:00'),
 (253,'20','2022-09-15','8:00:00','17:00:00'),
 (254,'21','2022-09-15','8:00:00','17:00:00'),
 (255,'22','2022-09-15','8:00:00','17:00:00'),
 (256,'23','2022-09-15','8:05:00','17:00:00'),
 (257,'24','2022-09-15','8:00:00','17:00:00'),
 (258,'25','2022-09-15','8:00:00','17:00:00'),
 (259,'26','2022-09-15','8:00:00','17:00:00'),
 (260,'27','2022-09-15','8:00:00','17:00:00'),
 (261,'28','2022-09-15','8:00:00','17:00:00'),
 (262,'29','2022-09-15','9:00:00','17:00:00'),
 (263,'30','2022-09-15','0:00:00','0:00:00'),
 (264,'31','2022-09-15','8:00:00','17:00:00'),
 (265,'16','2022-09-16','8:00:00','17:00:00'),
 (266,'7','2022-09-16','8:00:00','17:00:00'),
 (267,'11','2022-09-16','8:00:00','17:00:00'),
 (268,'8','2022-09-16','8:00:00','17:00:00'),
 (269,'9','2022-09-16','8:00:00','17:00:00'),
 (270,'13','2022-09-16','8:00:00','17:00:00'),
 (271,'14','2022-09-16','8:00:00','17:00:00'),
 (272,'18','2022-09-16','8:00:00','17:00:00'),
 (273,'19','2022-09-16','8:00:00','17:00:00'),
 (274,'12','2022-09-16','8:00:00','17:00:00'),
 (275,'17','2022-09-16','8:00:00','17:00:00'),
 (276,'15','2022-09-16','8:00:00','17:00:00'),
 (277,'20','2022-09-16','8:00:00','17:00:00'),
 (278,'21','2022-09-16','8:00:00','17:00:00'),
 (279,'22','2022-09-16','8:00:00','17:00:00'),
 (280,'23','2022-09-16','8:00:00','17:00:00'),
 (281,'24','2022-09-16','8:00:00','17:00:00'),
 (282,'25','2022-09-16','8:00:00','17:00:00'),
 (283,'26','2022-09-16','8:00:00','17:00:00'),
 (284,'27','2022-09-16','8:00:00','17:00:00'),
 (285,'28','2022-09-16','8:00:00','17:00:00'),
 (286,'29','2022-09-16','8:00:00','17:00:00'),
 (287,'30','2022-09-16','8:00:00','17:00:00'),
 (288,'31','2022-09-16','8:00:00','17:00:00'),
 (289,'16','2022-09-19','8:00:00','17:00:00'),
 (290,'7','2022-09-19','8:00:00','17:00:00'),
 (291,'11','2022-09-19','8:00:00','17:00:00'),
 (292,'8','2022-09-19','8:00:00','17:00:00'),
 (293,'9','2022-09-19','8:00:00','17:00:00'),
 (294,'13','2022-09-19','8:00:00','17:00:00'),
 (295,'14','2022-09-19','8:00:00','17:00:00'),
 (296,'18','2022-09-19','8:00:00','17:00:00'),
 (297,'19','2022-09-19','8:00:00','17:00:00'),
 (298,'12','2022-09-19','8:00:00','17:00:00'),
 (299,'17','2022-09-19','8:00:00','17:00:00'),
 (300,'15','2022-09-19','10:00:00','17:00:00'),
 (301,'20','2022-09-19','10:00:00','17:00:00'),
 (302,'21','2022-09-19','10:00:00','17:00:00'),
 (303,'22','2022-09-19','10:00:00','17:00:00'),
 (304,'23','2022-09-19','0:00:00','0:00:00'),
 (305,'24','2022-09-19','10:00:00','17:00:00'),
 (306,'25','2022-09-19','10:00:00','17:00:00'),
 (307,'26','2022-09-19','10:00:00','17:00:00'),
 (308,'27','2022-09-19','10:00:00','17:00:00'),
 (309,'28','2022-09-19','10:00:00','17:00:00'),
 (310,'29','2022-09-19','10:00:00','17:00:00'),
 (311,'30','2022-09-19','10:00:00','17:00:00'),
 (312,'31','2022-09-19','10:00:00','17:00:00'),
 (313,'16','2022-09-20','8:00:00','17:00:00'),
 (314,'7','2022-09-20','8:00:00','17:00:00'),
 (315,'11','2022-09-20','8:00:00','17:00:00'),
 (316,'8','2022-09-20','8:00:00','17:00:00'),
 (317,'9','2022-09-20','8:00:00','17:00:00'),
 (318,'13','2022-09-20','8:00:00','17:00:00'),
 (319,'14','2022-09-20','8:00:00','17:00:00'),
 (320,'18','2022-09-20','8:00:00','17:00:00'),
 (321,'19','2022-09-20','8:00:00','17:00:00'),
 (322,'12','2022-09-20','8:00:00','17:00:00'),
 (323,'17','2022-09-20','8:00:00','17:00:00'),
 (324,'15','2022-09-20','8:00:00','17:00:00'),
 (325,'20','2022-09-20','8:00:00','17:00:00'),
 (326,'21','2022-09-20','8:00:00','17:00:00'),
 (327,'22','2022-09-20','8:00:00','17:00:00'),
 (328,'23','2022-09-20','8:00:00','17:00:00'),
 (329,'24','2022-09-20','0:00:00','0:00:00'),
 (330,'25','2022-09-20','8:00:00','17:00:00'),
 (331,'26','2022-09-20','8:00:00','17:00:00'),
 (332,'27','2022-09-20','8:00:00','17:00:00'),
 (333,'28','2022-09-20','8:00:00','17:00:00'),
 (334,'29','2022-09-20','8:00:00','17:00:00'),
 (335,'30','2022-09-20','8:00:00','17:00:00'),
 (336,'31','2022-09-20','8:00:00','17:00:00'),
 (337,'16','2022-09-21','8:00:00','17:00:00'),
 (338,'7','2022-09-21','8:00:00','17:00:00'),
 (339,'11','2022-09-21','8:00:00','17:00:00'),
 (340,'8','2022-09-21','8:00:00','17:00:00'),
 (341,'9','2022-09-21','8:00:00','17:00:00'),
 (342,'13','2022-09-21','8:27:00','17:00:00'),
 (343,'14','2022-09-21','8:01:00','17:00:00'),
 (344,'18','2022-09-21','8:05:00','17:00:00'),
 (345,'19','2022-09-21','8:00:00','17:00:00'),
 (346,'12','2022-09-21','8:00:00','17:00:00'),
 (347,'17','2022-09-21','8:00:00','17:00:00'),
 (348,'15','2022-09-21','8:00:00','17:00:00'),
 (349,'20','2022-09-21','8:00:00','17:00:00'),
 (350,'21','2022-09-21','8:00:00','17:00:00'),
 (351,'22','2022-09-21','8:28:00','17:00:00'),
 (352,'23','2022-09-21','8:00:00','17:00:00'),
 (353,'24','2022-09-21','0:00:00','0:00:00'),
 (354,'25','2022-09-21','8:00:00','17:00:00'),
 (355,'26','2022-09-21','8:00:00','17:00:00'),
 (356,'27','2022-09-21','8:11:00','17:00:00'),
 (357,'28','2022-09-21','8:00:00','17:00:00'),
 (358,'29','2022-09-21','8:00:00','17:00:00'),
 (359,'30','2022-09-21','8:21:00','17:00:00'),
 (360,'31','2022-09-21','8:00:00','17:00:00'),
 (361,'16','2022-09-22','8:00:00','17:00:00'),
 (362,'7','2022-09-22','8:00:00','17:00:00'),
 (363,'11','2022-09-22','8:00:00','17:00:00'),
 (364,'8','2022-09-22','8:00:00','17:00:00'),
 (365,'9','2022-09-22','8:00:00','17:00:00'),
 (366,'13','2022-09-22','8:00:00','17:00:00'),
 (367,'14','2022-09-22','8:00:00','17:00:00'),
 (368,'18','2022-09-22','8:00:00','17:00:00'),
 (369,'19','2022-09-22','8:00:00','17:00:00'),
 (370,'12','2022-09-22','8:00:00','17:00:00'),
 (371,'17','2022-09-22','8:00:00','17:00:00'),
 (372,'15','2022-09-22','8:00:00','17:00:00'),
 (373,'20','2022-09-22','8:00:00','17:00:00'),
 (374,'21','2022-09-22','8:00:00','17:00:00'),
 (375,'22','2022-09-22','8:00:00','17:00:00'),
 (376,'23','2022-09-22','8:00:00','17:00:00'),
 (377,'24','2022-09-22','8:00:00','17:00:00'),
 (378,'25','2022-09-22','8:00:00','17:00:00'),
 (379,'26','2022-09-22','8:00:00','17:00:00'),
 (380,'27','2022-09-22','8:00:00','17:00:00'),
 (381,'28','2022-09-22','8:00:00','17:00:00'),
 (382,'29','2022-09-22','8:00:00','17:00:00'),
 (383,'30','2022-09-22','8:00:00','17:00:00'),
 (384,'31','2022-09-22','8:00:00','17:00:00'),
 (385,'16','2022-09-23','8:00:00','17:00:00'),
 (386,'7','2022-09-23','8:00:00','17:00:00'),
 (387,'11','2022-09-23','8:00:00','17:00:00'),
 (388,'8','2022-09-23','8:15:00','17:00:00'),
 (389,'9','2022-09-23','8:00:00','17:00:00'),
 (390,'13','2022-09-23','8:00:00','17:00:00'),
 (391,'14','2022-09-23','8:00:00','17:00:00'),
 (392,'18','2022-09-23','8:00:00','17:00:00'),
 (393,'19','2022-09-23','8:00:00','17:00:00'),
 (394,'12','2022-09-23','10:30:00','17:00:00'),
 (395,'17','2022-09-23','8:00:00','17:00:00'),
 (396,'15','2022-09-23','8:00:00','17:00:00'),
 (397,'20','2022-09-23','8:00:00','17:00:00'),
 (398,'21','2022-09-23','8:00:00','17:00:00'),
 (399,'22','2022-09-23','8:00:00','17:00:00'),
 (400,'23','2022-09-23','8:00:00','17:00:00'),
 (401,'24','2022-09-23','8:00:00','17:00:00'),
 (402,'25','2022-09-23','8:00:00','17:00:00'),
 (403,'26','2022-09-23','8:00:00','17:00:00'),
 (404,'27','2022-09-23','13:00:00','17:00:00'),
 (405,'28','2022-09-23','8:00:00','17:00:00'),
 (406,'29','2022-09-23','8:00:00','17:00:00'),
 (407,'30','2022-09-23','8:00:00','17:00:00'),
 (408,'31','2022-09-23','8:00:00','17:00:00'),
 (409,'16','2022-09-26','8:00:00','17:00:00'),
 (410,'7','2022-09-26','11:30:00','17:00:00'),
 (411,'11','2022-09-26','8:00:00','17:00:00'),
 (412,'8','2022-09-26','8:00:00','17:00:00'),
 (413,'9','2022-09-26','8:00:00','17:00:00'),
 (414,'13','2022-09-26','8:00:00','17:00:00'),
 (415,'14','2022-09-26','8:10:00','17:00:00'),
 (416,'18','2022-09-26','8:00:00','17:00:00'),
 (417,'19','2022-09-26','8:00:00','17:00:00'),
 (418,'12','2022-09-26','8:00:00','17:00:00'),
 (419,'17','2022-09-26','8:00:00','17:00:00'),
 (420,'15','2022-09-26','8:00:00','17:00:00'),
 (421,'20','2022-09-26','8:00:00','17:00:00'),
 (422,'21','2022-09-26','8:00:00','17:00:00'),
 (423,'22','2022-09-26','8:00:00','17:00:00'),
 (424,'23','2022-09-26','8:05:00','17:00:00'),
 (425,'24','2022-09-26','8:00:00','17:00:00'),
 (426,'25','2022-09-26','8:00:00','17:00:00'),
 (427,'26','2022-09-26','8:00:00','17:00:00'),
 (428,'27','2022-09-26','8:00:00','17:00:00'),
 (429,'28','2022-09-26','8:00:00','17:00:00'),
 (430,'29','2022-09-26','9:00:00','17:00:00'),
 (431,'30','2022-09-26','8:00:00','17:00:00'),
 (432,'31','2022-09-26','8:00:00','17:00:00'),
 (433,'16','2022-09-27','8:00:00','17:00:00'),
 (434,'7','2022-09-27','8:00:00','17:00:00'),
 (435,'11','2022-09-27','8:00:00','17:00:00'),
 (436,'8','2022-09-27','8:00:00','17:00:00'),
 (437,'9','2022-09-27','8:00:00','17:00:00'),
 (438,'13','2022-09-27','8:00:00','17:00:00'),
 (439,'14','2022-09-27','8:00:00','17:00:00'),
 (440,'18','2022-09-27','8:00:00','17:00:00'),
 (441,'19','2022-09-27','8:00:00','17:00:00'),
 (442,'12','2022-09-27','8:00:00','17:00:00'),
 (443,'17','2022-09-27','8:00:00','17:00:00'),
 (444,'15','2022-09-27','8:00:00','17:00:00'),
 (445,'20','2022-09-27','8:00:00','17:00:00'),
 (446,'21','2022-09-27','8:00:00','17:00:00'),
 (447,'22','2022-09-27','8:00:00','17:00:00'),
 (448,'23','2022-09-27','0:00:00','0:00:00'),
 (449,'24','2022-09-27','8:00:00','17:00:00'),
 (450,'25','2022-09-27','8:00:00','17:00:00'),
 (451,'26','2022-09-27','8:00:00','17:00:00'),
 (452,'27','2022-09-27','8:00:00','17:00:00'),
 (453,'28','2022-09-27','8:00:00','17:00:00'),
 (454,'29','2022-09-27','8:00:00','17:00:00'),
 (455,'30','2022-09-27','8:00:00','17:00:00'),
 (456,'31','2022-09-27','8:00:00','17:00:00'),
 (457,'16','2022-09-28','8:00:00','17:00:00'),
 (458,'7','2022-09-28','8:00:00','17:00:00'),
 (459,'11','2022-09-28','8:00:00','17:00:00'),
 (460,'8','2022-09-28','8:00:00','17:00:00'),
 (461,'9','2022-09-28','8:00:00','17:00:00'),
 (462,'13','2022-09-28','8:00:00','17:00:00'),
 (463,'14','2022-09-28','8:00:00','17:00:00'),
 (464,'18','2022-09-28','8:00:00','17:00:00'),
 (465,'19','2022-09-28','8:00:00','17:00:00'),
 (466,'12','2022-09-28','8:00:00','17:00:00'),
 (467,'17','2022-09-28','8:00:00','17:00:00'),
 (468,'15','2022-09-28','10:00:00','17:00:00'),
 (469,'20','2022-09-28','10:00:00','17:00:00'),
 (470,'21','2022-09-28','10:00:00','17:00:00'),
 (471,'22','2022-09-28','10:00:00','17:00:00'),
 (472,'23','2022-09-28','10:00:00','17:00:00'),
 (473,'24','2022-09-28','10:00:00','17:00:00'),
 (474,'25','2022-09-28','10:00:00','17:00:00'),
 (475,'26','2022-09-28','10:00:00','17:00:00'),
 (476,'27','2022-09-28','10:00:00','17:00:00'),
 (477,'28','2022-09-28','10:00:00','17:00:00'),
 (478,'29','2022-09-28','10:00:00','17:00:00'),
 (479,'30','2022-09-28','10:00:00','17:00:00'),
 (480,'31','2022-09-28','10:00:00','17:00:00'),
 (481,'16','2022-09-29','8:00:00','17:00:00'),
 (482,'7','2022-09-29','8:00:00','17:00:00'),
 (483,'11','2022-09-29','8:00:00','17:00:00'),
 (484,'8','2022-09-29','8:00:00','17:00:00'),
 (485,'9','2022-09-29','8:00:00','17:00:00'),
 (486,'13','2022-09-29','8:00:00','17:00:00'),
 (487,'14','2022-09-29','8:00:00','17:00:00'),
 (488,'18','2022-09-29','8:00:00','17:00:00'),
 (489,'19','2022-09-29','8:00:00','17:00:00'),
 (490,'12','2022-09-29','8:00:00','17:00:00'),
 (491,'17','2022-09-29','8:00:00','17:00:00'),
 (492,'15','2022-09-29','8:00:00','17:00:00'),
 (493,'20','2022-09-29','8:00:00','17:00:00'),
 (494,'21','2022-09-29','8:00:00','17:00:00'),
 (495,'22','2022-09-29','8:00:00','17:00:00'),
 (496,'23','2022-09-29','8:00:00','17:00:00'),
 (497,'24','2022-09-29','8:00:00','17:00:00'),
 (498,'25','2022-09-29','8:00:00','17:00:00'),
 (499,'26','2022-09-29','8:00:00','17:00:00'),
 (500,'27','2022-09-29','8:00:00','17:00:00'),
 (501,'28','2022-09-29','8:00:00','17:00:00'),
 (502,'29','2022-09-29','8:00:00','17:00:00'),
 (503,'30','2022-09-29','8:00:00','17:00:00'),
 (504,'31','2022-09-29','8:00:00','17:00:00'),
 (505,'16','2022-09-30','8:00:00','17:00:00'),
 (506,'7','2022-09-30','8:00:00','17:00:00'),
 (507,'11','2022-09-30','8:00:00','17:00:00'),
 (508,'8','2022-09-30','8:00:00','17:00:00'),
 (509,'9','2022-09-30','8:00:00','17:00:00'),
 (510,'13','2022-09-30','8:27:00','17:00:00'),
 (511,'14','2022-09-30','8:01:00','17:00:00'),
 (512,'18','2022-09-30','8:05:00','17:00:00'),
 (513,'19','2022-09-30','8:00:00','17:00:00'),
 (514,'12','2022-09-30','8:00:00','17:00:00'),
 (515,'17','2022-09-30','8:00:00','17:00:00'),
 (516,'15','2022-09-30','8:00:00','17:00:00'),
 (517,'20','2022-09-30','8:00:00','17:00:00'),
 (518,'21','2022-09-30','8:00:00','17:00:00'),
 (519,'22','2022-09-30','8:28:00','17:00:00'),
 (520,'23','2022-09-30','8:00:00','17:00:00'),
 (521,'24','2022-09-30','8:00:00','17:00:00'),
 (522,'25','2022-09-30','8:00:00','17:00:00'),
 (523,'26','2022-09-30','8:00:00','17:00:00'),
 (524,'27','2022-09-30','8:11:00','17:00:00'),
 (525,'28','2022-09-30','8:00:00','17:00:00'),
 (526,'29','2022-09-30','8:00:00','17:00:00'),
 (527,'30','2022-09-30','8:21:00','17:00:00'),
 (528,'31','2022-09-30','8:00:00','17:00:00'),
 (529,'16','2022-03-10','8:00:00','17:00:00'),
 (530,'7','2022-03-10','8:00:00','17:00:00'),
 (531,'11','2022-03-10','8:00:00','17:00:00'),
 (532,'8','2022-03-10','8:00:00','17:00:00'),
 (533,'9','2022-03-10','8:00:00','17:00:00'),
 (534,'13','2022-03-10','8:00:00','17:00:00'),
 (535,'14','2022-03-10','8:00:00','17:00:00'),
 (536,'18','2022-03-10','8:00:00','17:00:00'),
 (537,'19','2022-03-10','8:00:00','17:00:00'),
 (538,'12','2022-03-10','8:00:00','17:00:00'),
 (539,'17','2022-03-10','8:00:00','17:00:00'),
 (540,'15','2022-03-10','8:00:00','17:00:00'),
 (541,'20','2022-03-10','8:00:00','17:00:00'),
 (542,'21','2022-03-10','8:00:00','17:00:00'),
 (543,'22','2022-03-10','8:00:00','17:00:00'),
 (544,'23','2022-03-10','8:00:00','17:00:00'),
 (545,'24','2022-03-10','8:00:00','17:00:00'),
 (546,'25','2022-03-10','8:00:00','17:00:00'),
 (547,'26','2022-03-10','8:00:00','17:00:00'),
 (548,'27','2022-03-10','8:00:00','17:00:00'),
 (549,'28','2022-03-10','8:00:00','17:00:00'),
 (550,'29','2022-03-10','8:00:00','17:00:00'),
 (551,'30','2022-03-10','8:00:00','17:00:00'),
 (552,'31','2022-03-10','8:00:00','17:00:00'),
 (553,'16','2022-04-10','8:00:00','17:00:00'),
 (554,'7','2022-04-10','8:00:00','17:00:00'),
 (555,'11','2022-04-10','8:00:00','17:00:00'),
 (556,'8','2022-04-10','8:15:00','17:00:00'),
 (557,'9','2022-04-10','8:00:00','17:00:00'),
 (558,'13','2022-04-10','8:00:00','17:00:00'),
 (559,'14','2022-04-10','8:00:00','17:00:00'),
 (560,'18','2022-04-10','8:00:00','17:00:00'),
 (561,'19','2022-04-10','8:00:00','17:00:00'),
 (562,'12','2022-04-10','10:30:00','17:00:00'),
 (563,'17','2022-04-10','8:00:00','17:00:00'),
 (564,'15','2022-04-10','8:00:00','17:00:00'),
 (565,'20','2022-04-10','8:00:00','17:00:00'),
 (566,'21','2022-04-10','8:00:00','17:00:00'),
 (567,'22','2022-04-10','8:00:00','17:00:00'),
 (568,'23','2022-04-10','8:00:00','17:00:00'),
 (569,'24','2022-04-10','8:00:00','17:00:00'),
 (570,'25','2022-04-10','8:00:00','17:00:00'),
 (571,'26','2022-04-10','8:00:00','17:00:00'),
 (572,'27','2022-04-10','13:00:00','17:00:00'),
 (573,'28','2022-04-10','8:00:00','17:00:00'),
 (574,'29','2022-04-10','8:00:00','17:00:00'),
 (575,'30','2022-04-10','8:00:00','17:00:00'),
 (576,'31','2022-04-10','8:00:00','17:00:00'),
 (577,'16','2022-05-10','8:00:00','17:00:00'),
 (578,'7','2022-05-10','11:30:00','17:00:00'),
 (579,'11','2022-05-10','8:00:00','17:00:00'),
 (580,'8','2022-05-10','8:00:00','17:00:00'),
 (581,'9','2022-05-10','8:00:00','17:00:00'),
 (582,'13','2022-05-10','8:00:00','17:00:00'),
 (583,'14','2022-05-10','8:10:00','17:00:00'),
 (584,'18','2022-05-10','0:00:00','0:00:00'),
 (585,'19','2022-05-10','8:00:00','17:00:00'),
 (586,'12','2022-05-10','8:00:00','17:00:00'),
 (587,'17','2022-05-10','8:00:00','17:00:00'),
 (588,'15','2022-05-10','8:00:00','17:00:00'),
 (589,'20','2022-05-10','8:00:00','17:00:00'),
 (590,'21','2022-05-10','8:00:00','17:00:00'),
 (591,'22','2022-05-10','8:00:00','17:00:00'),
 (592,'23','2022-05-10','8:05:00','17:00:00'),
 (593,'24','2022-05-10','8:00:00','17:00:00'),
 (594,'25','2022-05-10','8:00:00','17:00:00'),
 (595,'26','2022-05-10','8:00:00','17:00:00'),
 (596,'27','2022-05-10','8:00:00','17:00:00'),
 (597,'28','2022-05-10','8:00:00','17:00:00'),
 (598,'29','2022-05-10','9:00:00','17:00:00'),
 (599,'30','2022-05-10','8:00:00','17:00:00'),
 (600,'31','2022-05-10','8:00:00','17:00:00'),
 (601,'16','2022-06-10','8:00:00','17:00:00'),
 (602,'7','2022-06-10','8:00:00','17:00:00'),
 (603,'11','2022-06-10','8:00:00','17:00:00'),
 (604,'8','2022-06-10','8:00:00','17:00:00'),
 (605,'9','2022-06-10','8:00:00','17:00:00'),
 (606,'13','2022-06-10','8:00:00','17:00:00'),
 (607,'14','2022-06-10','8:00:00','17:00:00'),
 (608,'18','2022-06-10','8:00:00','17:00:00'),
 (609,'19','2022-06-10','8:00:00','17:00:00'),
 (610,'12','2022-06-10','8:00:00','17:00:00'),
 (611,'17','2022-06-10','8:00:00','17:00:00'),
 (612,'15','2022-06-10','8:00:00','17:00:00'),
 (613,'20','2022-06-10','8:00:00','17:00:00'),
 (614,'21','2022-06-10','8:00:00','17:00:00'),
 (615,'22','2022-06-10','8:00:00','17:00:00'),
 (616,'23','2022-06-10','8:00:00','17:00:00'),
 (617,'24','2022-06-10','8:00:00','17:00:00'),
 (618,'25','2022-06-10','8:00:00','17:00:00'),
 (619,'26','2022-06-10','8:00:00','17:00:00'),
 (620,'27','2022-06-10','8:00:00','17:00:00'),
 (621,'28','2022-06-10','8:00:00','17:00:00'),
 (622,'29','2022-06-10','8:00:00','17:00:00'),
 (623,'30','2022-06-10','8:00:00','17:00:00'),
 (624,'31','2022-06-10','8:00:00','17:00:00'),
 (625,'16','2022-07-10','8:00:00','17:00:00'),
 (626,'7','2022-07-10','8:00:00','17:00:00'),
 (627,'11','2022-07-10','8:00:00','17:00:00'),
 (628,'8','2022-07-10','8:00:00','17:00:00'),
 (629,'9','2022-07-10','8:00:00','17:00:00'),
 (630,'13','2022-07-10','8:00:00','17:00:00'),
 (631,'14','2022-07-10','8:00:00','17:00:00'),
 (632,'18','2022-07-10','8:00:00','17:00:00'),
 (633,'19','2022-07-10','8:00:00','17:00:00'),
 (634,'12','2022-07-10','8:00:00','17:00:00'),
 (635,'17','2022-07-10','8:00:00','17:00:00'),
 (636,'15','2022-07-10','10:00:00','17:00:00'),
 (637,'20','2022-07-10','0:00:00','0:00:00'),
 (638,'21','2022-07-10','10:00:00','17:00:00'),
 (639,'22','2022-07-10','10:00:00','17:00:00'),
 (640,'23','2022-07-10','10:00:00','17:00:00'),
 (641,'24','2022-07-10','10:00:00','17:00:00'),
 (642,'25','2022-07-10','10:00:00','17:00:00'),
 (643,'26','2022-07-10','10:00:00','17:00:00'),
 (644,'27','2022-07-10','10:00:00','17:00:00'),
 (645,'28','2022-07-10','10:00:00','17:00:00'),
 (646,'29','2022-07-10','10:00:00','17:00:00'),
 (647,'30','2022-07-10','10:00:00','17:00:00'),
 (648,'31','2022-07-10','10:00:00','17:00:00'),
 (649,'16','2022-10-10','8:00:00','17:00:00'),
 (650,'7','2022-10-10','8:00:00','17:00:00'),
 (651,'11','2022-10-10','8:00:00','17:00:00'),
 (652,'8','2022-10-10','8:00:00','17:00:00'),
 (653,'9','2022-10-10','8:00:00','17:00:00'),
 (654,'13','2022-10-10','8:00:00','17:00:00'),
 (655,'14','2022-10-10','8:00:00','17:00:00'),
 (656,'18','2022-10-10','8:00:00','17:00:00'),
 (657,'19','2022-10-10','8:00:00','17:00:00'),
 (658,'12','2022-10-10','8:00:00','17:00:00'),
 (659,'17','2022-10-10','8:00:00','17:00:00'),
 (660,'15','2022-10-10','8:00:00','17:00:00'),
 (661,'20','2022-10-10','8:00:00','17:00:00'),
 (662,'21','2022-10-10','8:00:00','17:00:00'),
 (663,'22','2022-10-10','8:00:00','17:00:00'),
 (664,'23','2022-10-10','8:00:00','17:00:00'),
 (665,'24','2022-10-10','8:00:00','17:00:00'),
 (666,'25','2022-10-10','8:00:00','17:00:00'),
 (667,'26','2022-10-10','8:00:00','17:00:00'),
 (668,'27','2022-10-10','8:00:00','17:00:00'),
 (669,'28','2022-10-10','8:00:00','17:00:00'),
 (670,'29','2022-10-10','8:00:00','17:00:00'),
 (671,'30','2022-10-10','8:00:00','17:00:00'),
 (672,'31','2022-10-10','8:00:00','17:00:00'),
 (673,'16','2022-11-10','8:00:00','17:00:00'),
 (674,'7','2022-11-10','8:00:00','17:00:00'),
 (675,'11','2022-11-10','8:00:00','17:00:00'),
 (676,'8','2022-11-10','8:00:00','17:00:00'),
 (677,'9','2022-11-10','8:00:00','17:00:00'),
 (678,'13','2022-11-10','8:27:00','17:00:00'),
 (679,'14','2022-11-10','8:01:00','17:00:00'),
 (680,'18','2022-11-10','8:05:00','17:00:00'),
 (681,'19','2022-11-10','0:00:00','0:00:00'),
 (682,'12','2022-11-10','8:00:00','17:00:00'),
 (683,'17','2022-11-10','8:00:00','17:00:00'),
 (684,'15','2022-11-10','8:00:00','17:00:00'),
 (685,'20','2022-11-10','8:00:00','17:00:00'),
 (686,'21','2022-11-10','8:00:00','17:00:00'),
 (687,'22','2022-11-10','8:28:00','17:00:00'),
 (688,'23','2022-11-10','8:00:00','17:00:00'),
 (689,'24','2022-11-10','8:00:00','17:00:00'),
 (690,'25','2022-11-10','8:00:00','17:00:00'),
 (691,'26','2022-11-10','8:00:00','17:00:00'),
 (692,'27','2022-11-10','8:11:00','17:00:00'),
 (693,'28','2022-11-10','8:00:00','17:00:00'),
 (694,'29','2022-11-10','8:00:00','17:00:00'),
 (695,'30','2022-11-10','8:21:00','17:00:00'),
 (696,'31','2022-11-10','8:00:00','17:00:00'),
 (697,'16','2022-12-10','8:00:00','17:00:00'),
 (698,'7','2022-12-10','8:00:00','17:00:00'),
 (699,'11','2022-12-10','8:00:00','17:00:00'),
 (700,'8','2022-12-10','8:00:00','17:00:00'),
 (701,'9','2022-12-10','8:00:00','17:00:00'),
 (702,'13','2022-12-10','8:00:00','17:00:00'),
 (703,'14','2022-12-10','8:00:00','17:00:00'),
 (704,'18','2022-12-10','8:00:00','17:00:00'),
 (705,'19','2022-12-10','8:00:00','17:00:00'),
 (706,'12','2022-12-10','8:00:00','17:00:00'),
 (707,'17','2022-12-10','8:00:00','17:00:00'),
 (708,'15','2022-12-10','8:00:00','17:00:00'),
 (709,'20','2022-12-10','8:00:00','17:00:00'),
 (710,'21','2022-12-10','8:00:00','17:00:00'),
 (711,'22','2022-12-10','8:00:00','17:00:00'),
 (712,'23','2022-12-10','8:00:00','17:00:00'),
 (713,'24','2022-12-10','8:00:00','17:00:00'),
 (714,'25','2022-12-10','8:00:00','17:00:00'),
 (715,'26','2022-12-10','8:00:00','17:00:00'),
 (716,'27','2022-12-10','8:00:00','17:00:00'),
 (717,'28','2022-12-10','8:00:00','17:00:00'),
 (718,'29','2022-12-10','8:00:00','17:00:00'),
 (719,'30','2022-12-10','8:00:00','17:00:00'),
 (720,'31','2022-12-10','8:00:00','17:00:00'),
 (721,'16','2022-10-13','8:00:00','17:00:00'),
 (722,'7','2022-10-13','8:00:00','17:00:00'),
 (723,'11','2022-10-13','8:00:00','17:00:00'),
 (724,'8','2022-10-13','8:15:00','17:00:00'),
 (725,'9','2022-10-13','8:00:00','17:00:00'),
 (726,'13','2022-10-13','8:00:00','17:00:00'),
 (727,'14','2022-10-13','8:00:00','17:00:00'),
 (728,'18','2022-10-13','8:00:00','17:00:00'),
 (729,'19','2022-10-13','8:00:00','17:00:00'),
 (730,'12','2022-10-13','10:30:00','17:00:00'),
 (731,'17','2022-10-13','8:00:00','17:00:00'),
 (732,'15','2022-10-13','8:00:00','17:00:00'),
 (733,'20','2022-10-13','8:00:00','17:00:00'),
 (734,'21','2022-10-13','8:00:00','17:00:00'),
 (735,'22','2022-10-13','8:00:00','17:00:00'),
 (736,'23','2022-10-13','8:00:00','17:00:00'),
 (737,'24','2022-10-13','8:00:00','17:00:00'),
 (738,'25','2022-10-13','8:00:00','17:00:00'),
 (739,'26','2022-10-13','8:00:00','17:00:00'),
 (740,'27','2022-10-13','13:00:00','17:00:00'),
 (741,'28','2022-10-13','8:00:00','17:00:00'),
 (742,'29','2022-10-13','8:00:00','17:00:00'),
 (743,'30','2022-10-13','8:00:00','17:00:00'),
 (744,'31','2022-10-13','8:00:00','17:00:00'),
 (745,'16','2022-10-14','8:00:00','17:00:00'),
 (746,'7','2022-10-14','11:30:00','17:00:00'),
 (747,'11','2022-10-14','8:00:00','17:00:00'),
 (748,'8','2022-10-14','8:00:00','17:00:00'),
 (749,'9','2022-10-14','8:00:00','17:00:00'),
 (750,'13','2022-10-14','8:00:00','17:00:00'),
 (751,'14','2022-10-14','8:10:00','17:00:00'),
 (752,'18','2022-10-14','8:00:00','17:00:00'),
 (753,'19','2022-10-14','8:00:00','17:00:00'),
 (754,'12','2022-10-14','8:00:00','17:00:00'),
 (755,'17','2022-10-14','8:00:00','17:00:00'),
 (756,'15','2022-10-14','8:00:00','17:00:00'),
 (757,'20','2022-10-14','8:00:00','17:00:00'),
 (758,'21','2022-10-14','8:00:00','17:00:00'),
 (759,'22','2022-10-14','8:00:00','17:00:00'),
 (760,'23','2022-10-14','8:05:00','17:00:00'),
 (761,'24','2022-10-14','8:00:00','17:00:00'),
 (762,'25','2022-10-14','8:00:00','17:00:00'),
 (763,'26','2022-10-14','8:00:00','17:00:00'),
 (764,'27','2022-10-14','8:00:00','17:00:00'),
 (765,'28','2022-10-14','8:00:00','17:00:00'),
 (766,'29','2022-10-14','9:00:00','17:00:00'),
 (767,'30','2022-10-14','8:00:00','17:00:00'),
 (768,'31','2022-10-14','8:00:00','17:00:00'),
 (769,'16','2022-10-17','8:00:00','17:00:00'),
 (770,'7','2022-10-17','8:00:00','17:00:00'),
 (771,'11','2022-10-17','8:00:00','17:00:00'),
 (772,'8','2022-10-17','8:00:00','17:00:00'),
 (773,'9','2022-10-17','8:00:00','17:00:00'),
 (774,'13','2022-10-17','8:00:00','17:00:00'),
 (775,'14','2022-10-17','8:00:00','17:00:00'),
 (776,'18','2022-10-17','8:00:00','17:00:00'),
 (777,'19','2022-10-17','8:00:00','17:00:00'),
 (778,'12','2022-10-17','8:00:00','17:00:00'),
 (779,'17','2022-10-17','8:00:00','17:00:00'),
 (780,'15','2022-10-17','8:00:00','17:00:00'),
 (781,'20','2022-10-17','8:00:00','17:00:00'),
 (782,'21','2022-10-17','8:00:00','17:00:00'),
 (783,'22','2022-10-17','8:00:00','17:00:00'),
 (784,'23','2022-10-17','8:00:00','17:00:00'),
 (785,'24','2022-10-17','8:00:00','17:00:00'),
 (786,'25','2022-10-17','8:00:00','17:00:00'),
 (787,'26','2022-10-17','8:00:00','17:00:00'),
 (788,'27','2022-10-17','8:00:00','17:00:00'),
 (789,'28','2022-10-17','8:00:00','17:00:00'),
 (790,'29','2022-10-17','8:00:00','17:00:00'),
 (791,'30','2022-10-17','8:00:00','17:00:00'),
 (792,'31','2022-10-17','8:00:00','17:00:00'),
 (793,'16','2022-10-18','8:00:00','17:00:00'),
 (794,'7','2022-10-18','8:00:00','17:00:00'),
 (795,'11','2022-10-18','8:00:00','17:00:00'),
 (796,'8','2022-10-18','8:00:00','17:00:00'),
 (797,'9','2022-10-18','8:00:00','17:00:00'),
 (798,'13','2022-10-18','8:00:00','17:00:00'),
 (799,'14','2022-10-18','8:00:00','17:00:00'),
 (800,'18','2022-10-18','8:00:00','17:00:00'),
 (801,'19','2022-10-18','8:00:00','17:00:00'),
 (802,'12','2022-10-18','8:00:00','17:00:00'),
 (803,'17','2022-10-18','8:00:00','17:00:00'),
 (804,'15','2022-10-18','10:00:00','17:00:00'),
 (805,'20','2022-10-18','10:00:00','17:00:00'),
 (806,'21','2022-10-18','10:00:00','17:00:00'),
 (807,'22','2022-10-18','0:00:00','0:00:00'),
 (808,'23','2022-10-18','10:00:00','17:00:00'),
 (809,'24','2022-10-18','10:00:00','17:00:00'),
 (810,'25','2022-10-18','10:00:00','17:00:00'),
 (811,'26','2022-10-18','10:00:00','17:00:00'),
 (812,'27','2022-10-18','10:00:00','17:00:00'),
 (813,'28','2022-10-18','10:00:00','17:00:00'),
 (814,'29','2022-10-18','10:00:00','17:00:00'),
 (815,'30','2022-10-18','10:00:00','17:00:00'),
 (816,'31','2022-10-18','10:00:00','17:00:00'),
 (817,'16','2022-10-19','8:00:00','17:00:00'),
 (818,'7','2022-10-19','8:00:00','17:00:00'),
 (819,'11','2022-10-19','8:00:00','17:00:00'),
 (820,'8','2022-10-19','8:00:00','17:00:00'),
 (821,'9','2022-10-19','8:00:00','17:00:00'),
 (822,'13','2022-10-19','8:00:00','17:00:00'),
 (823,'14','2022-10-19','8:00:00','17:00:00'),
 (824,'18','2022-10-19','8:00:00','17:00:00'),
 (825,'19','2022-10-19','8:00:00','17:00:00'),
 (826,'12','2022-10-19','8:00:00','17:00:00'),
 (827,'17','2022-10-19','8:00:00','17:00:00'),
 (828,'15','2022-10-19','8:00:00','17:00:00'),
 (829,'20','2022-10-19','8:00:00','17:00:00'),
 (830,'21','2022-10-19','8:00:00','17:00:00'),
 (831,'22','2022-10-19','8:00:00','17:00:00'),
 (832,'23','2022-10-19','8:00:00','17:00:00'),
 (833,'24','2022-10-19','8:00:00','17:00:00'),
 (834,'25','2022-10-19','8:00:00','17:00:00'),
 (835,'26','2022-10-19','8:00:00','17:00:00'),
 (836,'27','2022-10-19','8:00:00','17:00:00'),
 (837,'28','2022-10-19','8:00:00','17:00:00'),
 (838,'29','2022-10-19','8:00:00','17:00:00'),
 (839,'30','2022-10-19','8:00:00','17:00:00'),
 (840,'31','2022-10-19','8:00:00','17:00:00'),
 (841,'16','2022-10-20','8:00:00','17:00:00'),
 (842,'7','2022-10-20','8:00:00','17:00:00'),
 (843,'11','2022-10-20','8:00:00','17:00:00'),
 (844,'8','2022-10-20','8:00:00','17:00:00'),
 (845,'9','2022-10-20','8:00:00','17:00:00'),
 (846,'13','2022-10-20','8:27:00','17:00:00'),
 (847,'14','2022-10-20','8:01:00','17:00:00'),
 (848,'18','2022-10-20','8:05:00','17:00:00'),
 (849,'19','2022-10-20','8:00:00','17:00:00'),
 (850,'12','2022-10-20','8:00:00','17:00:00'),
 (851,'17','2022-10-20','8:00:00','17:00:00'),
 (852,'15','2022-10-20','8:00:00','17:00:00'),
 (853,'20','2022-10-20','8:00:00','17:00:00'),
 (854,'21','2022-10-20','8:00:00','17:00:00'),
 (855,'22','2022-10-20','8:28:00','17:00:00'),
 (856,'23','2022-10-20','8:00:00','17:00:00'),
 (857,'24','2022-10-20','8:00:00','17:00:00'),
 (858,'25','2022-10-20','8:00:00','17:00:00'),
 (859,'26','2022-10-20','8:00:00','17:00:00'),
 (860,'27','2022-10-20','8:11:00','17:00:00'),
 (861,'28','2022-10-20','8:00:00','17:00:00'),
 (862,'29','2022-10-20','8:00:00','17:00:00'),
 (863,'30','2022-10-20','8:21:00','17:00:00'),
 (864,'31','2022-10-20','8:00:00','17:00:00'),
 (865,'16','2022-10-21','8:00:00','17:00:00'),
 (866,'7','2022-10-21','8:00:00','17:00:00'),
 (867,'11','2022-10-21','8:00:00','17:00:00'),
 (868,'8','2022-10-21','8:00:00','17:00:00'),
 (869,'9','2022-10-21','8:00:00','17:00:00'),
 (870,'13','2022-10-21','8:00:00','17:00:00'),
 (871,'14','2022-10-21','8:00:00','17:00:00'),
 (872,'18','2022-10-21','8:00:00','17:00:00'),
 (873,'19','2022-10-21','0:00:00','0:00:00'),
 (874,'12','2022-10-21','8:00:00','17:00:00'),
 (875,'17','2022-10-21','8:00:00','17:00:00'),
 (876,'15','2022-10-21','8:00:00','17:00:00'),
 (877,'20','2022-10-21','8:00:00','17:00:00'),
 (878,'21','2022-10-21','8:00:00','17:00:00'),
 (879,'22','2022-10-21','8:00:00','17:00:00'),
 (880,'23','2022-10-21','8:00:00','17:00:00'),
 (881,'24','2022-10-21','8:00:00','17:00:00'),
 (882,'25','2022-10-21','8:00:00','17:00:00'),
 (883,'26','2022-10-21','8:00:00','17:00:00'),
 (884,'27','2022-10-21','8:00:00','17:00:00'),
 (885,'28','2022-10-21','8:00:00','17:00:00'),
 (886,'29','2022-10-21','8:00:00','17:00:00'),
 (887,'30','2022-10-21','8:00:00','17:00:00'),
 (888,'31','2022-10-21','8:00:00','17:00:00'),
 (889,'16','2022-10-24','8:00:00','17:00:00'),
 (890,'7','2022-10-24','8:00:00','17:00:00'),
 (891,'11','2022-10-24','8:00:00','17:00:00'),
 (892,'8','2022-10-24','8:15:00','17:00:00'),
 (893,'9','2022-10-24','8:00:00','17:00:00'),
 (894,'13','2022-10-24','8:00:00','17:00:00'),
 (895,'14','2022-10-24','8:00:00','17:00:00'),
 (896,'18','2022-10-24','8:00:00','17:00:00'),
 (897,'19','2022-10-24','8:00:00','17:00:00'),
 (898,'12','2022-10-24','10:30:00','17:00:00'),
 (899,'17','2022-10-24','8:00:00','17:00:00'),
 (900,'15','2022-10-24','8:00:00','17:00:00'),
 (901,'20','2022-10-24','8:00:00','17:00:00'),
 (902,'21','2022-10-24','8:00:00','17:00:00'),
 (903,'22','2022-10-24','8:00:00','17:00:00'),
 (904,'23','2022-10-24','8:00:00','17:00:00'),
 (905,'24','2022-10-24','8:00:00','17:00:00'),
 (906,'25','2022-10-24','8:00:00','17:00:00'),
 (907,'26','2022-10-24','8:00:00','17:00:00'),
 (908,'27','2022-10-24','13:00:00','17:00:00'),
 (909,'28','2022-10-24','8:00:00','17:00:00'),
 (910,'29','2022-10-24','8:00:00','17:00:00'),
 (911,'30','2022-10-24','8:00:00','17:00:00'),
 (912,'31','2022-10-24','8:00:00','17:00:00'),
 (913,'16','2022-10-25','8:00:00','17:00:00'),
 (914,'7','2022-10-25','11:30:00','17:00:00'),
 (915,'11','2022-10-25','8:00:00','17:00:00'),
 (916,'8','2022-10-25','8:00:00','17:00:00'),
 (917,'9','2022-10-25','8:00:00','17:00:00'),
 (918,'13','2022-10-25','8:00:00','17:00:00'),
 (919,'14','2022-10-25','8:10:00','17:00:00'),
 (920,'18','2022-10-25','8:00:00','17:00:00'),
 (921,'19','2022-10-25','8:00:00','17:00:00'),
 (922,'12','2022-10-25','8:00:00','17:00:00'),
 (923,'17','2022-10-25','8:00:00','17:00:00'),
 (924,'15','2022-10-25','8:00:00','17:00:00'),
 (925,'20','2022-10-25','8:00:00','17:00:00'),
 (926,'21','2022-10-25','8:00:00','17:00:00'),
 (927,'22','2022-10-25','8:00:00','17:00:00'),
 (928,'23','2022-10-25','8:05:00','17:00:00'),
 (929,'24','2022-10-25','8:00:00','17:00:00'),
 (930,'25','2022-10-25','8:00:00','17:00:00'),
 (931,'26','2022-10-25','8:00:00','17:00:00'),
 (932,'27','2022-10-25','8:00:00','17:00:00'),
 (933,'28','2022-10-25','8:00:00','17:00:00'),
 (934,'29','2022-10-25','9:00:00','17:00:00'),
 (935,'30','2022-10-25','8:00:00','17:00:00'),
 (936,'31','2022-10-25','8:00:00','17:00:00'),
 (937,'16','2022-10-26','8:00:00','17:00:00'),
 (938,'7','2022-10-26','8:00:00','17:00:00'),
 (939,'11','2022-10-26','8:00:00','17:00:00'),
 (940,'8','2022-10-26','8:00:00','17:00:00'),
 (941,'9','2022-10-26','8:00:00','17:00:00'),
 (942,'13','2022-10-26','8:00:00','17:00:00'),
 (943,'14','2022-10-26','8:00:00','17:00:00'),
 (944,'18','2022-10-26','8:00:00','17:00:00'),
 (945,'19','2022-10-26','8:00:00','17:00:00'),
 (946,'12','2022-10-26','8:00:00','17:00:00'),
 (947,'17','2022-10-26','8:00:00','17:00:00'),
 (948,'15','2022-10-26','8:00:00','17:00:00'),
 (949,'20','2022-10-26','8:00:00','17:00:00'),
 (950,'21','2022-10-26','8:00:00','17:00:00'),
 (951,'22','2022-10-26','8:00:00','17:00:00'),
 (952,'23','2022-10-26','8:00:00','17:00:00'),
 (953,'24','2022-10-26','8:00:00','17:00:00'),
 (954,'25','2022-10-26','8:00:00','17:00:00'),
 (955,'26','2022-10-26','8:00:00','17:00:00'),
 (956,'27','2022-10-26','8:00:00','17:00:00'),
 (957,'28','2022-10-26','8:00:00','17:00:00'),
 (958,'29','2022-10-26','8:00:00','17:00:00'),
 (959,'30','2022-10-26','8:00:00','17:00:00'),
 (960,'31','2022-10-26','8:00:00','17:00:00'),
 (961,'16','2022-10-27','8:00:00','17:00:00'),
 (962,'7','2022-10-27','8:00:00','17:00:00'),
 (963,'11','2022-10-27','8:00:00','17:00:00'),
 (964,'8','2022-10-27','8:00:00','17:00:00'),
 (965,'9','2022-10-27','8:00:00','17:00:00'),
 (966,'13','2022-10-27','8:00:00','17:00:00'),
 (967,'14','2022-10-27','8:00:00','17:00:00'),
 (968,'18','2022-10-27','8:00:00','17:00:00'),
 (969,'19','2022-10-27','8:00:00','17:00:00'),
 (970,'12','2022-10-27','8:00:00','17:00:00'),
 (971,'17','2022-10-27','8:00:00','17:00:00'),
 (972,'15','2022-10-27','10:00:00','17:00:00'),
 (973,'20','2022-10-27','10:00:00','17:00:00'),
 (974,'21','2022-10-27','10:00:00','17:00:00'),
 (975,'22','2022-10-27','10:00:00','17:00:00'),
 (976,'23','2022-10-27','10:00:00','17:00:00'),
 (977,'24','2022-10-27','0:00:00','0:00:00'),
 (978,'25','2022-10-27','10:00:00','17:00:00'),
 (979,'26','2022-10-27','10:00:00','17:00:00'),
 (980,'27','2022-10-27','10:00:00','17:00:00'),
 (981,'28','2022-10-27','10:00:00','17:00:00'),
 (982,'29','2022-10-27','10:00:00','17:00:00'),
 (983,'30','2022-10-27','10:00:00','17:00:00'),
 (984,'31','2022-10-27','10:00:00','17:00:00'),
 (985,'16','2022-10-28','8:00:00','17:00:00'),
 (986,'7','2022-10-28','8:00:00','17:00:00'),
 (987,'11','2022-10-28','8:00:00','17:00:00'),
 (988,'8','2022-10-28','8:00:00','17:00:00'),
 (989,'9','2022-10-28','8:00:00','17:00:00'),
 (990,'13','2022-10-28','8:00:00','17:00:00'),
 (991,'14','2022-10-28','8:00:00','17:00:00'),
 (992,'18','2022-10-28','8:00:00','17:00:00'),
 (993,'19','2022-10-28','8:00:00','17:00:00'),
 (994,'12','2022-10-28','8:00:00','17:00:00'),
 (995,'17','2022-10-28','8:00:00','17:00:00'),
 (996,'15','2022-10-28','8:00:00','17:00:00'),
 (997,'20','2022-10-28','8:00:00','17:00:00'),
 (998,'21','2022-10-28','8:00:00','17:00:00'),
 (999,'22','2022-10-28','8:00:00','17:00:00'),
 (1000,'23','2022-10-28','8:00:00','17:00:00'),
 (1001,'24','2022-10-28','8:00:00','17:00:00'),
 (1002,'25','2022-10-28','8:00:00','17:00:00'),
 (1003,'26','2022-10-28','8:00:00','17:00:00'),
 (1004,'27','2022-10-28','8:00:00','17:00:00'),
 (1005,'28','2022-10-28','8:00:00','17:00:00'),
 (1006,'29','2022-10-28','8:00:00','17:00:00'),
 (1007,'30','2022-10-28','8:00:00','17:00:00'),
 (1008,'31','2022-10-28','8:00:00','17:00:00'),
 (1009,'16','2022-10-31','8:00:00','17:00:00'),
 (1010,'7','2022-10-31','8:00:00','17:00:00'),
 (1011,'11','2022-10-31','8:00:00','17:00:00'),
 (1012,'8','2022-10-31','8:00:00','17:00:00'),
 (1013,'9','2022-10-31','8:00:00','17:00:00'),
 (1014,'13','2022-10-31','8:27:00','17:00:00'),
 (1015,'14','2022-10-31','8:01:00','17:00:00'),
 (1016,'18','2022-10-31','8:05:00','17:00:00'),
 (1017,'19','2022-10-31','8:00:00','17:00:00'),
 (1018,'12','2022-10-31','8:00:00','17:00:00'),
 (1019,'17','2022-10-31','8:00:00','17:00:00'),
 (1020,'15','2022-10-31','8:00:00','17:00:00'),
 (1021,'20','2022-10-31','8:00:00','17:00:00'),
 (1022,'21','2022-10-31','8:00:00','17:00:00'),
 (1023,'22','2022-10-31','8:28:00','17:00:00'),
 (1024,'23','2022-10-31','8:00:00','17:00:00'),
 (1025,'24','2022-10-31','8:00:00','17:00:00'),
 (1026,'25','2022-10-31','8:00:00','17:00:00'),
 (1027,'26','2022-10-31','8:00:00','17:00:00'),
 (1028,'27','2022-10-31','8:11:00','17:00:00'),
 (1029,'28','2022-10-31','8:00:00','17:00:00'),
 (1030,'29','2022-10-31','8:00:00','17:00:00'),
 (1031,'30','2022-10-31','8:21:00','17:00:00'),
 (1032,'31','2022-10-31','8:00:00','17:00:00'),
 (1033,'16','2022-01-11','0:00:00','0:00:00'),
 (1034,'7','2022-01-11','0:00:00','0:00:00'),
 (1035,'11','2022-01-11','0:00:00','0:00:00'),
 (1036,'8','2022-01-11','0:00:00','0:00:00'),
 (1037,'9','2022-01-11','0:00:00','0:00:00'),
 (1038,'13','2022-01-11','0:00:00','0:00:00'),
 (1039,'14','2022-01-11','0:00:00','0:00:00'),
 (1040,'18','2022-01-11','0:00:00','0:00:00'),
 (1041,'19','2022-01-11','0:00:00','0:00:00'),
 (1042,'12','2022-01-11','0:00:00','0:00:00'),
 (1043,'17','2022-01-11','0:00:00','0:00:00'),
 (1044,'15','2022-01-11','0:00:00','0:00:00'),
 (1045,'20','2022-01-11','0:00:00','0:00:00'),
 (1046,'21','2022-01-11','0:00:00','0:00:00'),
 (1047,'22','2022-01-11','0:00:00','0:00:00'),
 (1048,'23','2022-01-11','0:00:00','0:00:00'),
 (1049,'24','2022-01-11','0:00:00','0:00:00'),
 (1050,'25','2022-01-11','0:00:00','0:00:00'),
 (1051,'26','2022-01-11','0:00:00','0:00:00'),
 (1052,'27','2022-01-11','0:00:00','0:00:00'),
 (1053,'28','2022-01-11','0:00:00','0:00:00'),
 (1054,'29','2022-01-11','0:00:00','0:00:00'),
 (1055,'30','2022-01-11','0:00:00','0:00:00'),
 (1056,'31','2022-01-11','0:00:00','0:00:00'),
 (1057,'16','2022-02-11','8:00:00','17:00:00'),
 (1058,'7','2022-02-11','8:00:00','17:00:00'),
 (1059,'11','2022-02-11','8:00:00','17:00:00'),
 (1060,'8','2022-02-11','8:15:00','17:00:00'),
 (1061,'9','2022-02-11','8:00:00','17:00:00'),
 (1062,'13','2022-02-11','8:00:00','17:00:00'),
 (1063,'14','2022-02-11','8:00:00','17:00:00'),
 (1064,'18','2022-02-11','8:00:00','17:00:00'),
 (1065,'19','2022-02-11','8:00:00','17:00:00'),
 (1066,'12','2022-02-11','10:30:00','17:00:00'),
 (1067,'17','2022-02-11','8:00:00','17:00:00'),
 (1068,'15','2022-02-11','8:00:00','17:00:00'),
 (1069,'20','2022-02-11','8:00:00','17:00:00'),
 (1070,'21','2022-02-11','8:00:00','17:00:00'),
 (1071,'22','2022-02-11','8:00:00','17:00:00'),
 (1072,'23','2022-02-11','8:00:00','17:00:00'),
 (1073,'24','2022-02-11','8:00:00','17:00:00'),
 (1074,'25','2022-02-11','8:00:00','17:00:00'),
 (1075,'26','2022-02-11','8:00:00','17:00:00'),
 (1076,'27','2022-02-11','13:00:00','17:00:00'),
 (1077,'28','2022-02-11','8:00:00','17:00:00'),
 (1078,'29','2022-02-11','8:00:00','17:00:00'),
 (1079,'30','2022-02-11','8:00:00','17:00:00'),
 (1080,'31','2022-02-11','8:00:00','17:00:00'),
 (1081,'16','2022-03-11','8:00:00','17:00:00'),
 (1082,'7','2022-03-11','11:30:00','17:00:00'),
 (1083,'11','2022-03-11','8:00:00','17:00:00'),
 (1084,'8','2022-03-11','8:00:00','17:00:00'),
 (1085,'9','2022-03-11','8:00:00','17:00:00'),
 (1086,'13','2022-03-11','8:00:00','17:00:00'),
 (1087,'14','2022-03-11','8:10:00','17:00:00'),
 (1088,'18','2022-03-11','8:00:00','17:00:00'),
 (1089,'19','2022-03-11','8:00:00','17:00:00'),
 (1090,'12','2022-03-11','8:00:00','17:00:00'),
 (1091,'17','2022-03-11','8:00:00','17:00:00'),
 (1092,'15','2022-03-11','8:00:00','17:00:00'),
 (1093,'20','2022-03-11','8:00:00','17:00:00'),
 (1094,'21','2022-03-11','8:00:00','17:00:00'),
 (1095,'22','2022-03-11','8:00:00','17:00:00'),
 (1096,'23','2022-03-11','8:05:00','17:00:00'),
 (1097,'24','2022-03-11','8:00:00','17:00:00'),
 (1098,'25','2022-03-11','8:00:00','17:00:00'),
 (1099,'26','2022-03-11','8:00:00','17:00:00'),
 (1100,'27','2022-03-11','8:00:00','17:00:00'),
 (1101,'28','2022-03-11','8:00:00','17:00:00'),
 (1102,'29','2022-03-11','9:00:00','17:00:00'),
 (1103,'30','2022-03-11','8:00:00','17:00:00'),
 (1104,'31','2022-03-11','8:00:00','17:00:00'),
 (1105,'16','2022-04-11','8:00:00','17:00:00'),
 (1106,'7','2022-04-11','8:00:00','17:00:00'),
 (1107,'11','2022-04-11','8:00:00','17:00:00'),
 (1108,'8','2022-04-11','8:00:00','17:00:00'),
 (1109,'9','2022-04-11','8:00:00','17:00:00'),
 (1110,'13','2022-04-11','8:00:00','17:00:00'),
 (1111,'14','2022-04-11','8:00:00','17:00:00'),
 (1112,'18','2022-04-11','8:00:00','17:00:00'),
 (1113,'19','2022-04-11','8:00:00','17:00:00'),
 (1114,'12','2022-04-11','8:00:00','17:00:00'),
 (1115,'17','2022-04-11','8:00:00','17:00:00'),
 (1116,'15','2022-04-11','8:00:00','17:00:00'),
 (1117,'20','2022-04-11','8:00:00','17:00:00'),
 (1118,'21','2022-04-11','8:00:00','17:00:00'),
 (1119,'22','2022-04-11','8:00:00','17:00:00'),
 (1120,'23','2022-04-11','8:00:00','17:00:00'),
 (1121,'24','2022-04-11','8:00:00','17:00:00'),
 (1122,'25','2022-04-11','8:00:00','17:00:00'),
 (1123,'26','2022-04-11','8:00:00','17:00:00'),
 (1124,'27','2022-04-11','8:00:00','17:00:00'),
 (1125,'28','2022-04-11','8:00:00','17:00:00'),
 (1126,'29','2022-04-11','0:00:00','0:00:00'),
 (1127,'30','2022-04-11','8:00:00','17:00:00'),
 (1128,'31','2022-04-11','8:00:00','17:00:00'),
 (1129,'16','2022-07-11','8:00:00','17:00:00'),
 (1130,'7','2022-07-11','8:00:00','17:00:00'),
 (1131,'11','2022-07-11','8:00:00','17:00:00'),
 (1132,'8','2022-07-11','8:00:00','17:00:00'),
 (1133,'9','2022-07-11','8:00:00','17:00:00'),
 (1134,'13','2022-07-11','8:00:00','17:00:00'),
 (1135,'14','2022-07-11','8:00:00','17:00:00'),
 (1136,'18','2022-07-11','8:00:00','17:00:00'),
 (1137,'19','2022-07-11','8:00:00','17:00:00'),
 (1138,'12','2022-07-11','8:00:00','17:00:00'),
 (1139,'17','2022-07-11','8:00:00','17:00:00'),
 (1140,'15','2022-07-11','10:00:00','17:00:00'),
 (1141,'20','2022-07-11','10:00:00','17:00:00'),
 (1142,'21','2022-07-11','10:00:00','17:00:00'),
 (1143,'22','2022-07-11','10:00:00','17:00:00'),
 (1144,'23','2022-07-11','10:00:00','17:00:00'),
 (1145,'24','2022-07-11','10:00:00','17:00:00'),
 (1146,'25','2022-07-11','10:00:00','17:00:00'),
 (1147,'26','2022-07-11','10:00:00','17:00:00'),
 (1148,'27','2022-07-11','10:00:00','17:00:00'),
 (1149,'28','2022-07-11','10:00:00','17:00:00'),
 (1150,'29','2022-07-11','10:00:00','17:00:00'),
 (1151,'30','2022-07-11','10:00:00','17:00:00'),
 (1152,'31','2022-07-11','10:00:00','17:00:00'),
 (1153,'16','2022-08-11','8:00:00','17:00:00'),
 (1154,'7','2022-08-11','8:00:00','17:00:00'),
 (1155,'11','2022-08-11','8:00:00','17:00:00'),
 (1156,'8','2022-08-11','8:00:00','17:00:00'),
 (1157,'9','2022-08-11','8:00:00','17:00:00'),
 (1158,'13','2022-08-11','8:00:00','17:00:00'),
 (1159,'14','2022-08-11','8:00:00','17:00:00'),
 (1160,'18','2022-08-11','8:00:00','17:00:00'),
 (1161,'19','2022-08-11','8:00:00','17:00:00'),
 (1162,'12','2022-08-11','8:00:00','17:00:00'),
 (1163,'17','2022-08-11','8:00:00','17:00:00'),
 (1164,'15','2022-08-11','8:00:00','17:00:00'),
 (1165,'20','2022-08-11','8:00:00','17:00:00'),
 (1166,'21','2022-08-11','8:00:00','17:00:00'),
 (1167,'22','2022-08-11','8:00:00','17:00:00'),
 (1168,'23','2022-08-11','8:00:00','17:00:00'),
 (1169,'24','2022-08-11','8:00:00','17:00:00'),
 (1170,'25','2022-08-11','8:00:00','17:00:00'),
 (1171,'26','2022-08-11','8:00:00','17:00:00'),
 (1172,'27','2022-08-11','8:00:00','17:00:00'),
 (1173,'28','2022-08-11','8:00:00','17:00:00'),
 (1174,'29','2022-08-11','8:00:00','17:00:00'),
 (1175,'30','2022-08-11','8:00:00','17:00:00'),
 (1176,'31','2022-08-11','8:00:00','17:00:00'),
 (1177,'16','2022-09-11','8:00:00','17:00:00'),
 (1178,'7','2022-09-11','8:00:00','17:00:00'),
 (1179,'11','2022-09-11','8:00:00','17:00:00'),
 (1180,'8','2022-09-11','8:00:00','17:00:00'),
 (1181,'9','2022-09-11','8:00:00','17:00:00'),
 (1182,'13','2022-09-11','8:27:00','17:00:00'),
 (1183,'14','2022-09-11','8:01:00','17:00:00'),
 (1184,'18','2022-09-11','8:05:00','17:00:00'),
 (1185,'19','2022-09-11','8:00:00','17:00:00'),
 (1186,'12','2022-09-11','8:00:00','17:00:00'),
 (1187,'17','2022-09-11','8:00:00','17:00:00'),
 (1188,'15','2022-09-11','8:00:00','17:00:00'),
 (1189,'20','2022-09-11','8:00:00','17:00:00'),
 (1190,'21','2022-09-11','8:00:00','17:00:00'),
 (1191,'22','2022-09-11','8:28:00','17:00:00'),
 (1192,'23','2022-09-11','8:00:00','17:00:00'),
 (1193,'24','2022-09-11','8:00:00','17:00:00'),
 (1194,'25','2022-09-11','8:00:00','17:00:00'),
 (1195,'26','2022-09-11','8:00:00','17:00:00'),
 (1196,'27','2022-09-11','8:11:00','17:00:00'),
 (1197,'28','2022-09-11','8:00:00','17:00:00'),
 (1198,'29','2022-09-11','8:00:00','17:00:00'),
 (1199,'30','2022-09-11','8:21:00','17:00:00'),
 (1200,'31','2022-09-11','8:00:00','17:00:00'),
 (1201,'16','2022-10-11','8:00:00','17:00:00'),
 (1202,'7','2022-10-11','8:00:00','17:00:00'),
 (1203,'11','2022-10-11','8:00:00','17:00:00'),
 (1204,'8','2022-10-11','8:00:00','17:00:00'),
 (1205,'9','2022-10-11','8:00:00','17:00:00'),
 (1206,'13','2022-10-11','8:00:00','17:00:00'),
 (1207,'14','2022-10-11','8:00:00','17:00:00'),
 (1208,'18','2022-10-11','8:00:00','17:00:00'),
 (1209,'19','2022-10-11','8:00:00','17:00:00'),
 (1210,'12','2022-10-11','8:00:00','17:00:00'),
 (1211,'17','2022-10-11','8:00:00','17:00:00'),
 (1212,'15','2022-10-11','8:00:00','17:00:00'),
 (1213,'20','2022-10-11','8:00:00','17:00:00'),
 (1214,'21','2022-10-11','8:00:00','17:00:00'),
 (1215,'22','2022-10-11','8:00:00','17:00:00'),
 (1216,'23','2022-10-11','8:00:00','17:00:00'),
 (1217,'24','2022-10-11','8:00:00','17:00:00'),
 (1218,'25','2022-10-11','8:00:00','17:00:00'),
 (1219,'26','2022-10-11','8:00:00','17:00:00'),
 (1220,'27','2022-10-11','8:00:00','17:00:00'),
 (1221,'28','2022-10-11','8:00:00','17:00:00'),
 (1222,'29','2022-10-11','8:00:00','17:00:00'),
 (1223,'30','2022-10-11','8:00:00','17:00:00'),
 (1224,'31','2022-10-11','8:00:00','17:00:00'),
 (1225,'16','2022-11-11','8:00:00','17:00:00'),
 (1226,'7','2022-11-11','8:00:00','17:00:00'),
 (1227,'11','2022-11-11','8:00:00','17:00:00'),
 (1228,'8','2022-11-11','8:15:00','17:00:00'),
 (1229,'9','2022-11-11','8:00:00','17:00:00'),
 (1230,'13','2022-11-11','8:00:00','17:00:00'),
 (1231,'14','2022-11-11','8:00:00','17:00:00'),
 (1232,'18','2022-11-11','8:00:00','17:00:00'),
 (1233,'19','2022-11-11','8:00:00','17:00:00'),
 (1234,'12','2022-11-11','10:30:00','17:00:00'),
 (1235,'17','2022-11-11','8:00:00','17:00:00'),
 (1236,'15','2022-11-11','8:00:00','17:00:00'),
 (1237,'20','2022-11-11','8:00:00','17:00:00'),
 (1238,'21','2022-11-11','8:00:00','17:00:00'),
 (1239,'22','2022-11-11','8:00:00','17:00:00'),
 (1240,'23','2022-11-11','8:00:00','17:00:00'),
 (1241,'24','2022-11-11','8:00:00','17:00:00'),
 (1242,'25','2022-11-11','8:00:00','17:00:00'),
 (1243,'26','2022-11-11','8:00:00','17:00:00'),
 (1244,'27','2022-11-11','13:00:00','17:00:00'),
 (1245,'28','2022-11-11','8:00:00','17:00:00'),
 (1246,'29','2022-11-11','8:00:00','17:00:00'),
 (1247,'30','2022-11-11','8:00:00','17:00:00'),
 (1248,'31','2022-11-11','8:00:00','17:00:00'),
 (1249,'16','2022-11-14','8:00:00','17:00:00'),
 (1250,'7','2022-11-14','11:30:00','17:00:00'),
 (1251,'11','2022-11-14','8:00:00','17:00:00'),
 (1252,'8','2022-11-14','8:00:00','17:00:00'),
 (1253,'9','2022-11-14','8:00:00','17:00:00'),
 (1254,'13','2022-11-14','8:00:00','17:00:00'),
 (1255,'14','2022-11-14','8:10:00','17:00:00'),
 (1256,'18','2022-11-14','8:00:00','17:00:00'),
 (1257,'19','2022-11-14','8:00:00','17:00:00'),
 (1258,'12','2022-11-14','8:00:00','17:00:00'),
 (1259,'17','2022-11-14','8:00:00','17:00:00'),
 (1260,'15','2022-11-14','8:00:00','17:00:00'),
 (1261,'20','2022-11-14','8:00:00','17:00:00'),
 (1262,'21','2022-11-14','8:00:00','17:00:00'),
 (1263,'22','2022-11-14','8:00:00','17:00:00'),
 (1264,'23','2022-11-14','8:05:00','17:00:00'),
 (1265,'24','2022-11-14','8:00:00','17:00:00'),
 (1266,'25','2022-11-14','8:00:00','17:00:00'),
 (1267,'26','2022-11-14','8:00:00','17:00:00'),
 (1268,'27','2022-11-14','8:00:00','17:00:00'),
 (1269,'28','2022-11-14','8:00:00','17:00:00'),
 (1270,'29','2022-11-14','9:00:00','17:00:00'),
 (1271,'30','2022-11-14','8:00:00','17:00:00'),
 (1272,'31','2022-11-14','8:00:00','17:00:00'),
 (1273,'16','2022-11-15','8:00:00','17:00:00'),
 (1274,'7','2022-11-15','8:00:00','17:00:00'),
 (1275,'11','2022-11-15','8:00:00','17:00:00'),
 (1276,'8','2022-11-15','8:00:00','17:00:00'),
 (1277,'9','2022-11-15','8:00:00','17:00:00'),
 (1278,'13','2022-11-15','8:00:00','17:00:00'),
 (1279,'14','2022-11-15','8:00:00','17:00:00'),
 (1280,'18','2022-11-15','8:00:00','17:00:00'),
 (1281,'19','2022-11-15','8:00:00','17:00:00'),
 (1282,'12','2022-11-15','8:00:00','17:00:00'),
 (1283,'17','2022-11-15','8:00:00','17:00:00'),
 (1284,'15','2022-11-15','8:00:00','17:00:00'),
 (1285,'20','2022-11-15','8:00:00','17:00:00'),
 (1286,'21','2022-11-15','8:00:00','17:00:00'),
 (1287,'22','2022-11-15','8:00:00','17:00:00'),
 (1288,'23','2022-11-15','8:00:00','17:00:00'),
 (1289,'24','2022-11-15','8:00:00','17:00:00'),
 (1290,'25','2022-11-15','8:00:00','17:00:00'),
 (1291,'26','2022-11-15','8:00:00','17:00:00'),
 (1292,'27','2022-11-15','8:00:00','17:00:00'),
 (1293,'28','2022-11-15','8:00:00','17:00:00'),
 (1294,'29','2022-11-15','8:00:00','17:00:00'),
 (1295,'30','2022-11-15','8:00:00','17:00:00'),
 (1296,'31','2022-11-15','8:00:00','17:00:00'),
 (1297,'16','2022-11-16','8:00:00','17:00:00'),
 (1298,'7','2022-11-16','8:00:00','17:00:00'),
 (1299,'11','2022-11-16','8:00:00','17:00:00'),
 (1300,'8','2022-11-16','8:00:00','17:00:00'),
 (1301,'9','2022-11-16','8:00:00','17:00:00'),
 (1302,'13','2022-11-16','8:00:00','17:00:00'),
 (1303,'14','2022-11-16','8:00:00','17:00:00'),
 (1304,'18','2022-11-16','8:00:00','17:00:00'),
 (1305,'19','2022-11-16','8:00:00','17:00:00'),
 (1306,'12','2022-11-16','8:00:00','17:00:00'),
 (1307,'17','2022-11-16','8:00:00','17:00:00'),
 (1308,'15','2022-11-16','10:00:00','17:00:00'),
 (1309,'20','2022-11-16','10:00:00','17:00:00'),
 (1310,'21','2022-11-16','10:00:00','17:00:00'),
 (1311,'22','2022-11-16','10:00:00','17:00:00'),
 (1312,'23','2022-11-16','10:00:00','17:00:00'),
 (1313,'24','2022-11-16','10:00:00','17:00:00'),
 (1314,'25','2022-11-16','10:00:00','17:00:00'),
 (1315,'26','2022-11-16','10:00:00','17:00:00'),
 (1316,'27','2022-11-16','10:00:00','17:00:00'),
 (1317,'28','2022-11-16','10:00:00','17:00:00'),
 (1318,'29','2022-11-16','10:00:00','17:00:00'),
 (1319,'30','2022-11-16','10:00:00','17:00:00'),
 (1320,'31','2022-11-16','10:00:00','17:00:00'),
 (1321,'16','2022-11-17','8:00:00','17:00:00'),
 (1322,'7','2022-11-17','8:00:00','17:00:00'),
 (1323,'11','2022-11-17','8:00:00','17:00:00'),
 (1324,'8','2022-11-17','8:00:00','17:00:00'),
 (1325,'9','2022-11-17','8:00:00','17:00:00'),
 (1326,'13','2022-11-17','8:00:00','17:00:00'),
 (1327,'14','2022-11-17','8:00:00','17:00:00'),
 (1328,'18','2022-11-17','8:00:00','17:00:00'),
 (1329,'19','2022-11-17','8:00:00','17:00:00'),
 (1330,'12','2022-11-17','8:00:00','17:00:00'),
 (1331,'17','2022-11-17','8:00:00','17:00:00'),
 (1332,'15','2022-11-17','8:00:00','17:00:00'),
 (1333,'20','2022-11-17','8:00:00','17:00:00'),
 (1334,'21','2022-11-17','8:00:00','17:00:00'),
 (1335,'22','2022-11-17','8:00:00','17:00:00'),
 (1336,'23','2022-11-17','8:00:00','17:00:00'),
 (1337,'24','2022-11-17','8:00:00','17:00:00'),
 (1338,'25','2022-11-17','8:00:00','17:00:00'),
 (1339,'26','2022-11-17','8:00:00','17:00:00'),
 (1340,'27','2022-11-17','8:00:00','17:00:00'),
 (1341,'28','2022-11-17','8:00:00','17:00:00'),
 (1342,'29','2022-11-17','8:00:00','17:00:00'),
 (1343,'30','2022-11-17','8:00:00','17:00:00'),
 (1344,'31','2022-11-17','8:00:00','17:00:00'),
 (1345,'16','2022-11-18','8:00:00','17:00:00'),
 (1346,'7','2022-11-18','8:00:00','17:00:00'),
 (1347,'11','2022-11-18','8:00:00','17:00:00'),
 (1348,'8','2022-11-18','8:00:00','17:00:00'),
 (1349,'9','2022-11-18','8:00:00','17:00:00'),
 (1350,'13','2022-11-18','8:27:00','17:00:00'),
 (1351,'14','2022-11-18','8:01:00','17:00:00'),
 (1352,'18','2022-11-18','8:05:00','17:00:00'),
 (1353,'19','2022-11-18','8:00:00','17:00:00'),
 (1354,'12','2022-11-18','8:00:00','17:00:00'),
 (1355,'17','2022-11-18','8:00:00','17:00:00'),
 (1356,'15','2022-11-18','8:00:00','17:00:00'),
 (1357,'20','2022-11-18','8:00:00','17:00:00'),
 (1358,'21','2022-11-18','8:00:00','17:00:00'),
 (1359,'22','2022-11-18','8:28:00','17:00:00'),
 (1360,'23','2022-11-18','8:00:00','17:00:00'),
 (1361,'24','2022-11-18','8:00:00','17:00:00'),
 (1362,'25','2022-11-18','8:00:00','17:00:00'),
 (1363,'26','2022-11-18','8:00:00','17:00:00'),
 (1364,'27','2022-11-18','8:11:00','17:00:00'),
 (1365,'28','2022-11-18','8:00:00','17:00:00'),
 (1366,'29','2022-11-18','8:00:00','17:00:00'),
 (1367,'30','2022-11-18','8:21:00','17:00:00'),
 (1368,'31','2022-11-18','8:00:00','17:00:00'),
 (1369,'16','2022-11-21','8:00:00','17:00:00'),
 (1370,'7','2022-11-21','8:00:00','17:00:00'),
 (1371,'11','2022-11-21','8:00:00','17:00:00'),
 (1372,'8','2022-11-21','8:00:00','17:00:00'),
 (1373,'9','2022-11-21','8:00:00','17:00:00'),
 (1374,'13','2022-11-21','8:00:00','17:00:00'),
 (1375,'14','2022-11-21','8:00:00','17:00:00'),
 (1376,'18','2022-11-21','8:00:00','17:00:00'),
 (1377,'19','2022-11-21','8:00:00','17:00:00'),
 (1378,'12','2022-11-21','8:00:00','17:00:00'),
 (1379,'17','2022-11-21','8:00:00','17:00:00'),
 (1380,'15','2022-11-21','8:00:00','17:00:00'),
 (1381,'20','2022-11-21','8:00:00','17:00:00'),
 (1382,'21','2022-11-21','8:00:00','17:00:00'),
 (1383,'22','2022-11-21','8:00:00','17:00:00'),
 (1384,'23','2022-11-21','8:00:00','17:00:00'),
 (1385,'24','2022-11-21','8:00:00','17:00:00'),
 (1386,'25','2022-11-21','8:00:00','17:00:00'),
 (1387,'26','2022-11-21','8:00:00','17:00:00'),
 (1388,'27','2022-11-21','8:00:00','17:00:00'),
 (1389,'28','2022-11-21','8:00:00','17:00:00'),
 (1390,'29','2022-11-21','8:00:00','17:00:00'),
 (1391,'30','2022-11-21','8:00:00','17:00:00'),
 (1392,'31','2022-11-21','8:00:00','17:00:00'),
 (1393,'16','2022-11-22','8:00:00','17:00:00'),
 (1394,'7','2022-11-22','8:00:00','17:00:00'),
 (1395,'11','2022-11-22','8:00:00','17:00:00'),
 (1396,'8','2022-11-22','8:15:00','17:00:00'),
 (1397,'9','2022-11-22','8:00:00','17:00:00'),
 (1398,'13','2022-11-22','8:00:00','17:00:00'),
 (1399,'14','2022-11-22','8:00:00','17:00:00'),
 (1400,'18','2022-11-22','8:00:00','17:00:00'),
 (1401,'19','2022-11-22','8:00:00','17:00:00'),
 (1402,'12','2022-11-22','10:30:00','17:00:00'),
 (1403,'17','2022-11-22','8:00:00','17:00:00'),
 (1404,'15','2022-11-22','8:00:00','17:00:00'),
 (1405,'20','2022-11-22','8:00:00','17:00:00'),
 (1406,'21','2022-11-22','8:00:00','17:00:00'),
 (1407,'22','2022-11-22','8:00:00','17:00:00'),
 (1408,'23','2022-11-22','8:00:00','17:00:00'),
 (1409,'24','2022-11-22','8:00:00','17:00:00'),
 (1410,'25','2022-11-22','8:00:00','17:00:00'),
 (1411,'26','2022-11-22','8:00:00','17:00:00'),
 (1412,'27','2022-11-22','13:00:00','17:00:00'),
 (1413,'28','2022-11-22','8:00:00','17:00:00'),
 (1414,'29','2022-11-22','8:00:00','17:00:00'),
 (1415,'30','2022-11-22','8:00:00','17:00:00'),
 (1416,'31','2022-11-22','8:00:00','17:00:00'),
 (1417,'16','2022-11-23','8:00:00','17:00:00'),
 (1418,'7','2022-11-23','11:30:00','17:00:00'),
 (1419,'11','2022-11-23','8:00:00','17:00:00'),
 (1420,'8','2022-11-23','8:00:00','17:00:00'),
 (1421,'9','2022-11-23','8:00:00','17:00:00'),
 (1422,'13','2022-11-23','8:00:00','17:00:00'),
 (1423,'14','2022-11-23','8:10:00','17:00:00'),
 (1424,'18','2022-11-23','8:00:00','17:00:00'),
 (1425,'19','2022-11-23','8:00:00','17:00:00'),
 (1426,'12','2022-11-23','8:00:00','17:00:00'),
 (1427,'17','2022-11-23','8:00:00','17:00:00'),
 (1428,'15','2022-11-23','8:00:00','17:00:00'),
 (1429,'20','2022-11-23','8:00:00','17:00:00'),
 (1430,'21','2022-11-23','8:00:00','17:00:00'),
 (1431,'22','2022-11-23','8:00:00','17:00:00'),
 (1432,'23','2022-11-23','8:05:00','17:00:00'),
 (1433,'24','2022-11-23','8:00:00','17:00:00'),
 (1434,'25','2022-11-23','8:00:00','17:00:00'),
 (1435,'26','2022-11-23','8:00:00','17:00:00'),
 (1436,'27','2022-11-23','8:00:00','17:00:00'),
 (1437,'28','2022-11-23','8:00:00','17:00:00'),
 (1438,'29','2022-11-23','9:00:00','17:00:00'),
 (1439,'30','2022-11-23','8:00:00','17:00:00'),
 (1440,'31','2022-11-23','8:00:00','17:00:00'),
 (1441,'16','2022-11-24','8:00:00','17:00:00'),
 (1442,'7','2022-11-24','8:00:00','17:00:00'),
 (1443,'11','2022-11-24','8:00:00','17:00:00'),
 (1444,'8','2022-11-24','8:00:00','17:00:00'),
 (1445,'9','2022-11-24','8:00:00','17:00:00'),
 (1446,'13','2022-11-24','8:00:00','17:00:00'),
 (1447,'14','2022-11-24','8:00:00','17:00:00'),
 (1448,'18','2022-11-24','8:00:00','17:00:00'),
 (1449,'19','2022-11-24','8:00:00','17:00:00'),
 (1450,'12','2022-11-24','8:00:00','17:00:00'),
 (1451,'17','2022-11-24','8:00:00','17:00:00'),
 (1452,'15','2022-11-24','8:00:00','17:00:00'),
 (1453,'20','2022-11-24','8:00:00','17:00:00'),
 (1454,'21','2022-11-24','8:00:00','17:00:00'),
 (1455,'22','2022-11-24','8:00:00','17:00:00'),
 (1456,'23','2022-11-24','8:00:00','17:00:00'),
 (1457,'24','2022-11-24','8:00:00','17:00:00'),
 (1458,'25','2022-11-24','8:00:00','17:00:00'),
 (1459,'26','2022-11-24','8:00:00','17:00:00'),
 (1460,'27','2022-11-24','8:00:00','17:00:00'),
 (1461,'28','2022-11-24','8:00:00','17:00:00'),
 (1462,'29','2022-11-24','8:00:00','17:00:00'),
 (1463,'30','2022-11-24','8:00:00','17:00:00'),
 (1464,'31','2022-11-24','8:00:00','17:00:00'),
 (1465,'16','2022-11-25','8:00:00','17:00:00'),
 (1466,'7','2022-11-25','8:00:00','17:00:00'),
 (1467,'11','2022-11-25','8:00:00','17:00:00'),
 (1468,'8','2022-11-25','8:00:00','17:00:00'),
 (1469,'9','2022-11-25','8:00:00','17:00:00'),
 (1470,'13','2022-11-25','8:00:00','17:00:00'),
 (1471,'14','2022-11-25','8:00:00','17:00:00'),
 (1472,'18','2022-11-25','8:00:00','17:00:00'),
 (1473,'19','2022-11-25','8:00:00','17:00:00'),
 (1474,'12','2022-11-25','8:00:00','17:00:00'),
 (1475,'17','2022-11-25','8:00:00','17:00:00'),
 (1476,'15','2022-11-25','10:00:00','17:00:00'),
 (1477,'20','2022-11-25','10:00:00','17:00:00'),
 (1478,'21','2022-11-25','10:00:00','17:00:00'),
 (1479,'22','2022-11-25','10:00:00','17:00:00'),
 (1480,'23','2022-11-25','10:00:00','17:00:00'),
 (1481,'24','2022-11-25','10:00:00','17:00:00'),
 (1482,'25','2022-11-25','10:00:00','17:00:00'),
 (1483,'26','2022-11-25','10:00:00','17:00:00'),
 (1484,'27','2022-11-25','10:00:00','17:00:00'),
 (1485,'28','2022-11-25','10:00:00','17:00:00'),
 (1486,'29','2022-11-25','10:00:00','17:00:00'),
 (1487,'30','2022-11-25','10:00:00','17:00:00'),
 (1488,'31','2022-11-25','10:00:00','17:00:00'),
 (1489,'16','2022-11-28','8:00:00','17:00:00'),
 (1490,'7','2022-11-28','8:00:00','17:00:00'),
 (1491,'11','2022-11-28','8:00:00','17:00:00'),
 (1492,'8','2022-11-28','8:00:00','17:00:00'),
 (1493,'9','2022-11-28','8:00:00','17:00:00'),
 (1494,'13','2022-11-28','8:00:00','17:00:00'),
 (1495,'14','2022-11-28','8:00:00','17:00:00'),
 (1496,'18','2022-11-28','8:00:00','17:00:00'),
 (1497,'19','2022-11-28','8:00:00','17:00:00'),
 (1498,'12','2022-11-28','8:00:00','17:00:00'),
 (1499,'17','2022-11-28','8:00:00','17:00:00'),
 (1500,'15','2022-11-28','8:00:00','17:00:00'),
 (1501,'20','2022-11-28','8:00:00','17:00:00'),
 (1502,'21','2022-11-28','8:00:00','17:00:00'),
 (1503,'22','2022-11-28','8:00:00','17:00:00'),
 (1504,'23','2022-11-28','8:00:00','17:00:00'),
 (1505,'24','2022-11-28','8:00:00','17:00:00'),
 (1506,'25','2022-11-28','8:00:00','17:00:00'),
 (1507,'26','2022-11-28','8:00:00','17:00:00'),
 (1508,'27','2022-11-28','8:00:00','17:00:00'),
 (1509,'28','2022-11-28','8:00:00','17:00:00'),
 (1510,'29','2022-11-28','8:00:00','17:00:00'),
 (1511,'30','2022-11-28','8:00:00','17:00:00'),
 (1512,'31','2022-11-28','8:00:00','17:00:00'),
 (1513,'16','2022-11-29','8:00:00','17:00:00'),
 (1514,'7','2022-11-29','8:00:00','17:00:00'),
 (1515,'11','2022-11-29','8:00:00','17:00:00'),
 (1516,'8','2022-11-29','8:00:00','17:00:00'),
 (1517,'9','2022-11-29','8:00:00','17:00:00'),
 (1518,'13','2022-11-29','8:27:00','17:00:00'),
 (1519,'14','2022-11-29','8:01:00','17:00:00'),
 (1520,'18','2022-11-29','8:05:00','17:00:00'),
 (1521,'19','2022-11-29','8:00:00','17:00:00'),
 (1522,'12','2022-11-29','8:00:00','17:00:00'),
 (1523,'17','2022-11-29','8:00:00','17:00:00'),
 (1524,'15','2022-11-29','8:00:00','17:00:00'),
 (1525,'20','2022-11-29','8:00:00','17:00:00'),
 (1526,'21','2022-11-29','8:00:00','17:00:00'),
 (1527,'22','2022-11-29','8:28:00','17:00:00'),
 (1528,'23','2022-11-29','8:00:00','17:00:00'),
 (1529,'24','2022-11-29','8:00:00','17:00:00'),
 (1530,'25','2022-11-29','8:00:00','17:00:00'),
 (1531,'26','2022-11-29','8:00:00','17:00:00'),
 (1532,'27','2022-11-29','8:11:00','17:00:00'),
 (1533,'28','2022-11-29','8:00:00','17:00:00'),
 (1534,'29','2022-11-29','8:00:00','17:00:00'),
 (1535,'30','2022-11-29','8:21:00','17:00:00'),
 (1536,'31','2022-11-29','8:00:00','17:00:00'),
 (1537,'16','2022-11-30','0:00:00','0:00:00'),
 (1538,'7','2022-11-30','0:00:00','0:00:00'),
 (1539,'11','2022-11-30','0:00:00','0:00:00'),
 (1540,'8','2022-11-30','0:00:00','0:00:00'),
 (1541,'9','2022-11-30','0:00:00','0:00:00'),
 (1542,'13','2022-11-30','0:00:00','0:00:00'),
 (1543,'14','2022-11-30','0:00:00','0:00:00'),
 (1544,'18','2022-11-30','0:00:00','0:00:00'),
 (1545,'19','2022-11-30','0:00:00','0:00:00'),
 (1546,'12','2022-11-30','0:00:00','0:00:00'),
 (1547,'17','2022-11-30','0:00:00','0:00:00'),
 (1548,'15','2022-11-30','0:00:00','0:00:00'),
 (1549,'20','2022-11-30','0:00:00','0:00:00'),
 (1550,'21','2022-11-30','0:00:00','0:00:00'),
 (1551,'22','2022-11-30','0:00:00','0:00:00'),
 (1552,'23','2022-11-30','0:00:00','0:00:00'),
 (1553,'24','2022-11-30','0:00:00','0:00:00'),
 (1554,'25','2022-11-30','0:00:00','0:00:00'),
 (1555,'26','2022-11-30','0:00:00','0:00:00'),
 (1556,'27','2022-11-30','0:00:00','0:00:00'),
 (1557,'28','2022-11-30','0:00:00','0:00:00'),
 (1558,'29','2022-11-30','0:00:00','0:00:00'),
 (1559,'30','2022-11-30','0:00:00','0:00:00'),
 (1560,'31','2022-11-30','0:00:00','0:00:00'),
 (1561,'16','2022-01-12','8:00:00','17:00:00'),
 (1562,'7','2022-01-12','8:00:00','17:00:00'),
 (1563,'11','2022-01-12','8:00:00','17:00:00'),
 (1564,'8','2022-01-12','8:15:00','17:00:00'),
 (1565,'9','2022-01-12','8:00:00','17:00:00'),
 (1566,'13','2022-01-12','8:00:00','17:00:00'),
 (1567,'14','2022-01-12','8:00:00','17:00:00'),
 (1568,'18','2022-01-12','8:00:00','17:00:00'),
 (1569,'19','2022-01-12','8:00:00','17:00:00'),
 (1570,'12','2022-01-12','10:30:00','17:00:00'),
 (1571,'17','2022-01-12','8:00:00','17:00:00'),
 (1572,'15','2022-01-12','8:00:00','17:00:00'),
 (1573,'20','2022-01-12','8:00:00','17:00:00'),
 (1574,'21','2022-01-12','8:00:00','17:00:00'),
 (1575,'22','2022-01-12','8:00:00','17:00:00'),
 (1576,'23','2022-01-12','8:00:00','17:00:00'),
 (1577,'24','2022-01-12','8:00:00','17:00:00'),
 (1578,'25','2022-01-12','8:00:00','17:00:00'),
 (1579,'26','2022-01-12','8:00:00','17:00:00'),
 (1580,'27','2022-01-12','13:00:00','17:00:00'),
 (1581,'28','2022-01-12','8:00:00','17:00:00'),
 (1582,'29','2022-01-12','8:00:00','17:00:00'),
 (1583,'30','2022-01-12','8:00:00','17:00:00'),
 (1584,'31','2022-01-12','8:00:00','17:00:00'),
 (1585,'16','2022-02-12','8:00:00','17:00:00'),
 (1586,'7','2022-02-12','11:30:00','17:00:00'),
 (1587,'11','2022-02-12','8:00:00','17:00:00'),
 (1588,'8','2022-02-12','8:00:00','17:00:00'),
 (1589,'9','2022-02-12','8:00:00','17:00:00'),
 (1590,'13','2022-02-12','8:00:00','17:00:00'),
 (1591,'14','2022-02-12','8:10:00','17:00:00'),
 (1592,'18','2022-02-12','8:00:00','17:00:00'),
 (1593,'19','2022-02-12','8:00:00','17:00:00'),
 (1594,'12','2022-02-12','8:00:00','17:00:00'),
 (1595,'17','2022-02-12','8:00:00','17:00:00'),
 (1596,'15','2022-02-12','8:00:00','17:00:00'),
 (1597,'20','2022-02-12','8:00:00','17:00:00'),
 (1598,'21','2022-02-12','8:00:00','17:00:00'),
 (1599,'22','2022-02-12','8:00:00','17:00:00'),
 (1600,'23','2022-02-12','8:05:00','17:00:00'),
 (1601,'24','2022-02-12','8:00:00','17:00:00'),
 (1602,'25','2022-02-12','8:00:00','17:00:00'),
 (1603,'26','2022-02-12','8:00:00','17:00:00'),
 (1604,'27','2022-02-12','8:00:00','17:00:00'),
 (1605,'28','2022-02-12','8:00:00','17:00:00'),
 (1606,'29','2022-02-12','9:00:00','17:00:00'),
 (1607,'30','2022-02-12','8:00:00','17:00:00'),
 (1608,'31','2022-02-12','8:00:00','17:00:00'),
 (1609,'16','2022-05-12','8:00:00','17:00:00'),
 (1610,'7','2022-05-12','8:00:00','17:00:00'),
 (1611,'11','2022-05-12','8:00:00','17:00:00'),
 (1612,'8','2022-05-12','8:00:00','17:00:00'),
 (1613,'9','2022-05-12','8:00:00','17:00:00'),
 (1614,'13','2022-05-12','8:00:00','17:00:00'),
 (1615,'14','2022-05-12','8:00:00','17:00:00'),
 (1616,'18','2022-05-12','8:00:00','17:00:00'),
 (1617,'19','2022-05-12','8:00:00','17:00:00'),
 (1618,'12','2022-05-12','8:00:00','17:00:00'),
 (1619,'17','2022-05-12','8:00:00','17:00:00'),
 (1620,'15','2022-05-12','8:00:00','17:00:00'),
 (1621,'20','2022-05-12','8:00:00','17:00:00'),
 (1622,'21','2022-05-12','8:00:00','17:00:00'),
 (1623,'22','2022-05-12','8:00:00','17:00:00'),
 (1624,'23','2022-05-12','8:00:00','17:00:00'),
 (1625,'24','2022-05-12','8:00:00','17:00:00'),
 (1626,'25','2022-05-12','8:00:00','17:00:00'),
 (1627,'26','2022-05-12','8:00:00','17:00:00'),
 (1628,'27','2022-05-12','8:00:00','17:00:00'),
 (1629,'28','2022-05-12','8:00:00','17:00:00'),
 (1630,'29','2022-05-12','8:00:00','17:00:00'),
 (1631,'30','2022-05-12','8:00:00','17:00:00'),
 (1632,'31','2022-05-12','8:00:00','17:00:00'),
 (1633,'16','2022-06-12','8:00:00','17:00:00'),
 (1634,'7','2022-06-12','8:00:00','17:00:00'),
 (1635,'11','2022-06-12','8:00:00','17:00:00'),
 (1636,'8','2022-06-12','8:00:00','17:00:00'),
 (1637,'9','2022-06-12','8:00:00','17:00:00'),
 (1638,'13','2022-06-12','8:00:00','17:00:00'),
 (1639,'14','2022-06-12','8:00:00','17:00:00'),
 (1640,'18','2022-06-12','8:00:00','17:00:00'),
 (1641,'19','2022-06-12','8:00:00','17:00:00'),
 (1642,'12','2022-06-12','8:00:00','17:00:00'),
 (1643,'17','2022-06-12','8:00:00','17:00:00'),
 (1644,'15','2022-06-12','10:00:00','17:00:00'),
 (1645,'20','2022-06-12','10:00:00','17:00:00'),
 (1646,'21','2022-06-12','10:00:00','17:00:00'),
 (1647,'22','2022-06-12','10:00:00','17:00:00'),
 (1648,'23','2022-06-12','10:00:00','17:00:00'),
 (1649,'24','2022-06-12','10:00:00','17:00:00'),
 (1650,'25','2022-06-12','10:00:00','17:00:00'),
 (1651,'26','2022-06-12','10:00:00','17:00:00'),
 (1652,'27','2022-06-12','10:00:00','17:00:00'),
 (1653,'28','2022-06-12','10:00:00','17:00:00'),
 (1654,'29','2022-06-12','10:00:00','17:00:00'),
 (1655,'30','2022-06-12','10:00:00','17:00:00'),
 (1656,'31','2022-06-12','10:00:00','17:00:00'),
 (1657,'16','2022-07-12','8:00:00','17:00:00'),
 (1658,'7','2022-07-12','8:00:00','17:00:00'),
 (1659,'11','2022-07-12','8:00:00','17:00:00'),
 (1660,'8','2022-07-12','8:00:00','17:00:00'),
 (1661,'9','2022-07-12','8:00:00','17:00:00'),
 (1662,'13','2022-07-12','8:00:00','17:00:00'),
 (1663,'14','2022-07-12','8:00:00','17:00:00'),
 (1664,'18','2022-07-12','8:00:00','17:00:00'),
 (1665,'19','2022-07-12','8:00:00','17:00:00'),
 (1666,'12','2022-07-12','8:00:00','17:00:00'),
 (1667,'17','2022-07-12','8:00:00','17:00:00'),
 (1668,'15','2022-07-12','8:00:00','17:00:00'),
 (1669,'20','2022-07-12','8:00:00','17:00:00'),
 (1670,'21','2022-07-12','8:00:00','17:00:00'),
 (1671,'22','2022-07-12','8:00:00','17:00:00'),
 (1672,'23','2022-07-12','8:00:00','17:00:00'),
 (1673,'24','2022-07-12','8:00:00','17:00:00'),
 (1674,'25','2022-07-12','8:00:00','17:00:00'),
 (1675,'26','2022-07-12','8:00:00','17:00:00'),
 (1676,'27','2022-07-12','8:00:00','17:00:00'),
 (1677,'28','2022-07-12','8:00:00','17:00:00'),
 (1678,'29','2022-07-12','8:00:00','17:00:00'),
 (1679,'30','2022-07-12','8:00:00','17:00:00'),
 (1680,'31','2022-07-12','8:00:00','17:00:00'),
 (1681,'16','2022-08-12','0:00:00','0:00:00'),
 (1682,'7','2022-08-12','0:00:00','0:00:00'),
 (1683,'11','2022-08-12','0:00:00','0:00:00'),
 (1684,'8','2022-08-12','0:00:00','0:00:00'),
 (1685,'9','2022-08-12','0:00:00','0:00:00'),
 (1686,'13','2022-08-12','0:00:00','0:00:00'),
 (1687,'14','2022-08-12','0:00:00','0:00:00'),
 (1688,'18','2022-08-12','0:00:00','0:00:00'),
 (1689,'19','2022-08-12','0:00:00','0:00:00'),
 (1690,'12','2022-08-12','0:00:00','0:00:00'),
 (1691,'17','2022-08-12','0:00:00','0:00:00'),
 (1692,'15','2022-08-12','0:00:00','0:00:00'),
 (1693,'20','2022-08-12','0:00:00','0:00:00'),
 (1694,'21','2022-08-12','0:00:00','0:00:00'),
 (1695,'22','2022-08-12','0:00:00','0:00:00'),
 (1696,'23','2022-08-12','0:00:00','0:00:00'),
 (1697,'24','2022-08-12','0:00:00','0:00:00'),
 (1698,'25','2022-08-12','0:00:00','0:00:00'),
 (1699,'26','2022-08-12','0:00:00','0:00:00'),
 (1700,'27','2022-08-12','0:00:00','0:00:00'),
 (1701,'28','2022-08-12','0:00:00','0:00:00'),
 (1702,'29','2022-08-12','0:00:00','0:00:00'),
 (1703,'30','2022-08-12','0:00:00','0:00:00'),
 (1704,'31','2022-08-12','0:00:00','0:00:00'),
 (1705,'16','2022-09-12','8:00:00','17:00:00'),
 (1706,'7','2022-09-12','8:00:00','17:00:00'),
 (1707,'11','2022-09-12','8:00:00','17:00:00'),
 (1708,'8','2022-09-12','8:00:00','17:00:00'),
 (1709,'9','2022-09-12','8:00:00','17:00:00'),
 (1710,'13','2022-09-12','8:00:00','17:00:00'),
 (1711,'14','2022-09-12','8:00:00','17:00:00'),
 (1712,'18','2022-09-12','8:00:00','17:00:00'),
 (1713,'19','2022-09-12','8:00:00','17:00:00'),
 (1714,'12','2022-09-12','8:00:00','17:00:00'),
 (1715,'17','2022-09-12','8:00:00','17:00:00'),
 (1716,'15','2022-09-12','8:00:00','17:00:00'),
 (1717,'20','2022-09-12','8:00:00','17:00:00'),
 (1718,'21','2022-09-12','8:00:00','17:00:00'),
 (1719,'22','2022-09-12','8:00:00','17:00:00'),
 (1720,'23','2022-09-12','8:00:00','17:00:00'),
 (1721,'24','2022-09-12','8:00:00','17:00:00'),
 (1722,'25','2022-09-12','8:00:00','17:00:00'),
 (1723,'26','2022-09-12','8:00:00','17:00:00'),
 (1724,'27','2022-09-12','8:00:00','17:00:00'),
 (1725,'28','2022-09-12','8:00:00','17:00:00'),
 (1726,'29','2022-09-12','8:00:00','17:00:00'),
 (1727,'30','2022-09-12','8:00:00','17:00:00'),
 (1728,'31','2022-09-12','8:00:00','17:00:00'),
 (1729,'16','2022-12-12','8:00:00','17:00:00'),
 (1730,'7','2022-12-12','8:00:00','17:00:00'),
 (1731,'11','2022-12-12','8:00:00','17:00:00'),
 (1732,'8','2022-12-12','8:15:00','17:00:00'),
 (1733,'9','2022-12-12','8:00:00','17:00:00'),
 (1734,'13','2022-12-12','8:00:00','17:00:00'),
 (1735,'14','2022-12-12','8:00:00','17:00:00'),
 (1736,'18','2022-12-12','8:00:00','17:00:00'),
 (1737,'19','2022-12-12','8:00:00','17:00:00'),
 (1738,'12','2022-12-12','10:30:00','17:00:00'),
 (1739,'17','2022-12-12','8:00:00','17:00:00'),
 (1740,'15','2022-12-12','8:00:00','17:00:00'),
 (1741,'20','2022-12-12','8:00:00','17:00:00'),
 (1742,'21','2022-12-12','8:00:00','17:00:00'),
 (1743,'22','2022-12-12','8:00:00','17:00:00'),
 (1744,'23','2022-12-12','8:00:00','17:00:00'),
 (1745,'24','2022-12-12','8:00:00','17:00:00'),
 (1746,'25','2022-12-12','8:00:00','17:00:00'),
 (1747,'26','2022-12-12','8:00:00','17:00:00'),
 (1748,'27','2022-12-12','13:00:00','17:00:00'),
 (1749,'28','2022-12-12','8:00:00','17:00:00'),
 (1750,'29','2022-12-12','8:00:00','17:00:00'),
 (1751,'30','2022-12-12','8:00:00','17:00:00'),
 (1752,'31','2022-12-12','8:00:00','17:00:00'),
 (1753,'16','2022-12-13','8:00:00','17:00:00'),
 (1754,'7','2022-12-13','11:30:00','17:00:00'),
 (1755,'11','2022-12-13','8:00:00','17:00:00'),
 (1756,'8','2022-12-13','8:00:00','17:00:00'),
 (1757,'9','2022-12-13','8:00:00','17:00:00'),
 (1758,'13','2022-12-13','8:00:00','17:00:00'),
 (1759,'14','2022-12-13','8:10:00','17:00:00'),
 (1760,'18','2022-12-13','8:00:00','17:00:00'),
 (1761,'19','2022-12-13','8:00:00','17:00:00'),
 (1762,'12','2022-12-13','8:00:00','17:00:00'),
 (1763,'17','2022-12-13','8:00:00','17:00:00'),
 (1764,'15','2022-12-13','8:00:00','17:00:00'),
 (1765,'20','2022-12-13','8:00:00','17:00:00'),
 (1766,'21','2022-12-13','8:00:00','17:00:00'),
 (1767,'22','2022-12-13','8:00:00','17:00:00'),
 (1768,'23','2022-12-13','8:05:00','17:00:00'),
 (1769,'24','2022-12-13','8:00:00','17:00:00'),
 (1770,'25','2022-12-13','8:00:00','17:00:00'),
 (1771,'26','2022-12-13','8:00:00','17:00:00'),
 (1772,'27','2022-12-13','8:00:00','17:00:00'),
 (1773,'28','2022-12-13','8:00:00','17:00:00'),
 (1774,'29','2022-12-13','9:00:00','17:00:00'),
 (1775,'30','2022-12-13','8:00:00','17:00:00'),
 (1776,'31','2022-12-13','8:00:00','17:00:00'),
 (1777,'16','2022-12-14','8:00:00','17:00:00'),
 (1778,'7','2022-12-14','8:00:00','17:00:00'),
 (1779,'11','2022-12-14','8:00:00','17:00:00'),
 (1780,'8','2022-12-14','8:00:00','17:00:00'),
 (1781,'9','2022-12-14','8:00:00','17:00:00'),
 (1782,'13','2022-12-14','8:00:00','17:00:00'),
 (1783,'14','2022-12-14','8:00:00','17:00:00'),
 (1784,'18','2022-12-14','8:00:00','17:00:00'),
 (1785,'19','2022-12-14','8:00:00','17:00:00'),
 (1786,'12','2022-12-14','8:00:00','17:00:00'),
 (1787,'17','2022-12-14','8:00:00','17:00:00'),
 (1788,'15','2022-12-14','8:00:00','17:00:00'),
 (1789,'20','2022-12-14','8:00:00','17:00:00'),
 (1790,'21','2022-12-14','8:00:00','17:00:00'),
 (1791,'22','2022-12-14','8:00:00','17:00:00'),
 (1792,'23','2022-12-14','8:00:00','17:00:00'),
 (1793,'24','2022-12-14','8:00:00','17:00:00'),
 (1794,'25','2022-12-14','8:00:00','17:00:00'),
 (1795,'26','2022-12-14','8:00:00','17:00:00'),
 (1796,'27','2022-12-14','8:00:00','17:00:00'),
 (1797,'28','2022-12-14','8:00:00','17:00:00'),
 (1798,'29','2022-12-14','8:00:00','17:00:00'),
 (1799,'30','2022-12-14','8:00:00','17:00:00'),
 (1800,'31','2022-12-14','8:00:00','17:00:00'),
 (1801,'16','2022-12-15','0:00:00','0:00:00'),
 (1802,'7','2022-12-15','0:00:00','0:00:00'),
 (1803,'11','2022-12-15','0:00:00','0:00:00'),
 (1804,'8','2022-12-15','0:00:00','0:00:00'),
 (1805,'9','2022-12-15','0:00:00','0:00:00'),
 (1806,'13','2022-12-15','8:00:00','17:00:00'),
 (1807,'14','2022-12-15','8:00:00','17:00:00'),
 (1808,'18','2022-12-15','8:00:00','17:00:00'),
 (1809,'19','2022-12-15','8:00:00','17:00:00'),
 (1810,'12','2022-12-15','8:00:00','17:00:00'),
 (1811,'17','2022-12-15','8:00:00','17:00:00'),
 (1812,'15','2022-12-15','10:00:00','17:00:00'),
 (1813,'20','2022-12-15','10:00:00','17:00:00'),
 (1814,'21','2022-12-15','10:00:00','17:00:00'),
 (1815,'22','2022-12-15','10:00:00','17:00:00'),
 (1816,'23','2022-12-15','10:00:00','17:00:00'),
 (1817,'24','2022-12-15','10:00:00','17:00:00'),
 (1818,'25','2022-12-15','10:00:00','17:00:00'),
 (1819,'26','2022-12-15','10:00:00','17:00:00'),
 (1820,'27','2022-12-15','10:00:00','17:00:00'),
 (1821,'28','2022-12-15','10:00:00','17:00:00'),
 (1822,'29','2022-12-15','10:00:00','17:00:00'),
 (1823,'30','2022-12-15','10:00:00','17:00:00'),
 (1824,'31','2022-12-15','10:00:00','17:00:00'),
 (1825,'16','2022-12-16','0:00:00','0:00:00'),
 (1826,'7','2022-12-16','0:00:00','0:00:00'),
 (1827,'11','2022-12-16','0:00:00','0:00:00'),
 (1828,'8','2022-12-16','0:00:00','0:00:00'),
 (1829,'9','2022-12-16','0:00:00','0:00:00'),
 (1830,'13','2022-12-16','8:00:00','17:00:00'),
 (1831,'14','2022-12-16','8:00:00','17:00:00'),
 (1832,'18','2022-12-16','8:00:00','17:00:00'),
 (1833,'19','2022-12-16','8:00:00','17:00:00'),
 (1834,'12','2022-12-16','8:00:00','17:00:00'),
 (1835,'17','2022-12-16','8:00:00','17:00:00'),
 (1836,'15','2022-12-16','8:00:00','17:00:00'),
 (1837,'20','2022-12-16','8:00:00','17:00:00'),
 (1838,'21','2022-12-16','8:00:00','17:00:00'),
 (1839,'22','2022-12-16','8:00:00','17:00:00'),
 (1840,'23','2022-12-16','8:00:00','17:00:00'),
 (1841,'24','2022-12-16','8:00:00','17:00:00'),
 (1842,'25','2022-12-16','8:00:00','17:00:00'),
 (1843,'26','2022-12-16','8:00:00','17:00:00'),
 (1844,'27','2022-12-16','8:00:00','17:00:00'),
 (1845,'28','2022-12-16','8:00:00','17:00:00'),
 (1846,'29','2022-12-16','8:00:00','17:00:00'),
 (1847,'30','2022-12-16','8:00:00','17:00:00'),
 (1848,'31','2022-12-16','8:00:00','17:00:00'),
 (1849,'16','2022-12-19','0:00:00','0:00:00'),
 (1850,'7','2022-12-19','0:00:00','0:00:00'),
 (1851,'11','2022-12-19','0:00:00','0:00:00'),
 (1852,'8','2022-12-19','0:00:00','0:00:00'),
 (1853,'9','2022-12-19','0:00:00','0:00:00'),
 (1854,'13','2022-12-19','8:27:00','17:00:00'),
 (1855,'14','2022-12-19','8:01:00','17:00:00'),
 (1856,'18','2022-12-19','8:05:00','17:00:00'),
 (1857,'19','2022-12-19','8:00:00','17:00:00'),
 (1858,'12','2022-12-19','8:00:00','17:00:00'),
 (1859,'17','2022-12-19','8:00:00','17:00:00'),
 (1860,'15','2022-12-19','8:00:00','17:00:00'),
 (1861,'20','2022-12-19','8:00:00','17:00:00'),
 (1862,'21','2022-12-19','8:00:00','17:00:00'),
 (1863,'22','2022-12-19','8:28:00','17:00:00'),
 (1864,'23','2022-12-19','8:00:00','17:00:00'),
 (1865,'24','2022-12-19','8:00:00','17:00:00'),
 (1866,'25','2022-12-19','8:00:00','17:00:00'),
 (1867,'26','2022-12-19','8:00:00','17:00:00'),
 (1868,'27','2022-12-19','8:11:00','17:00:00'),
 (1869,'28','2022-12-19','8:00:00','17:00:00'),
 (1870,'29','2022-12-19','8:00:00','17:00:00'),
 (1871,'30','2022-12-19','8:21:00','17:00:00'),
 (1872,'31','2022-12-19','8:00:00','17:00:00'),
 (1873,'16','2022-12-20','0:00:00','0:00:00'),
 (1874,'7','2022-12-20','0:00:00','0:00:00'),
 (1875,'11','2022-12-20','0:00:00','0:00:00'),
 (1876,'8','2022-12-20','0:00:00','0:00:00'),
 (1877,'9','2022-12-20','0:00:00','0:00:00'),
 (1878,'13','2022-12-20','8:00:00','17:00:00'),
 (1879,'14','2022-12-20','8:00:00','17:00:00'),
 (1880,'18','2022-12-20','8:00:00','17:00:00'),
 (1881,'19','2022-12-20','8:00:00','17:00:00'),
 (1882,'12','2022-12-20','8:00:00','17:00:00'),
 (1883,'17','2022-12-20','8:00:00','17:00:00'),
 (1884,'15','2022-12-20','8:00:00','17:00:00'),
 (1885,'20','2022-12-20','8:00:00','17:00:00'),
 (1886,'21','2022-12-20','8:00:00','17:00:00'),
 (1887,'22','2022-12-20','8:00:00','17:00:00'),
 (1888,'23','2022-12-20','8:00:00','17:00:00'),
 (1889,'24','2022-12-20','8:00:00','17:00:00'),
 (1890,'25','2022-12-20','8:00:00','17:00:00'),
 (1891,'26','2022-12-20','8:00:00','17:00:00'),
 (1892,'27','2022-12-20','8:00:00','17:00:00'),
 (1893,'28','2022-12-20','8:00:00','17:00:00'),
 (1894,'29','2022-12-20','8:00:00','17:00:00'),
 (1895,'30','2022-12-20','8:00:00','17:00:00'),
 (1896,'31','2022-12-20','8:00:00','17:00:00'),
 (1897,'16','2022-12-21','0:00:00','0:00:00'),
 (1898,'7','2022-12-21','0:00:00','0:00:00'),
 (1899,'11','2022-12-21','0:00:00','0:00:00'),
 (1900,'8','2022-12-21','0:00:00','0:00:00'),
 (1901,'9','2022-12-21','0:00:00','0:00:00'),
 (1902,'13','2022-12-21','8:00:00','17:00:00'),
 (1903,'14','2022-12-21','8:00:00','17:00:00'),
 (1904,'18','2022-12-21','8:00:00','17:00:00'),
 (1905,'19','2022-12-21','8:00:00','17:00:00'),
 (1906,'12','2022-12-21','10:30:00','17:00:00'),
 (1907,'17','2022-12-21','8:00:00','17:00:00'),
 (1908,'15','2022-12-21','8:00:00','17:00:00'),
 (1909,'20','2022-12-21','8:00:00','17:00:00'),
 (1910,'21','2022-12-21','8:00:00','17:00:00'),
 (1911,'22','2022-12-21','8:00:00','17:00:00'),
 (1912,'23','2022-12-21','8:00:00','17:00:00'),
 (1913,'24','2022-12-21','8:00:00','17:00:00'),
 (1914,'25','2022-12-21','8:00:00','17:00:00'),
 (1915,'26','2022-12-21','8:00:00','17:00:00'),
 (1916,'27','2022-12-21','13:00:00','17:00:00'),
 (1917,'28','2022-12-21','8:00:00','17:00:00'),
 (1918,'29','2022-12-21','8:00:00','17:00:00'),
 (1919,'30','2022-12-21','8:00:00','17:00:00'),
 (1920,'31','2022-12-21','8:00:00','17:00:00'),
 (1921,'16','2022-12-22','0:00:00','0:00:00'),
 (1922,'7','2022-12-22','0:00:00','0:00:00'),
 (1923,'11','2022-12-22','0:00:00','0:00:00'),
 (1924,'8','2022-12-22','0:00:00','0:00:00'),
 (1925,'9','2022-12-22','0:00:00','0:00:00'),
 (1926,'13','2022-12-22','8:00:00','17:00:00'),
 (1927,'14','2022-12-22','8:10:00','17:00:00'),
 (1928,'18','2022-12-22','8:00:00','17:00:00'),
 (1929,'19','2022-12-22','8:00:00','17:00:00'),
 (1930,'12','2022-12-22','8:00:00','17:00:00'),
 (1931,'17','2022-12-22','8:00:00','17:00:00'),
 (1932,'15','2022-12-22','8:00:00','17:00:00'),
 (1933,'20','2022-12-22','8:00:00','17:00:00'),
 (1934,'21','2022-12-22','8:00:00','17:00:00'),
 (1935,'22','2022-12-22','8:00:00','17:00:00'),
 (1936,'23','2022-12-22','8:05:00','17:00:00'),
 (1937,'24','2022-12-22','8:00:00','17:00:00'),
 (1938,'25','2022-12-22','8:00:00','17:00:00'),
 (1939,'26','2022-12-22','8:00:00','17:00:00'),
 (1940,'27','2022-12-22','8:00:00','17:00:00'),
 (1941,'28','2022-12-22','8:00:00','17:00:00'),
 (1942,'29','2022-12-22','9:00:00','17:00:00'),
 (1943,'30','2022-12-22','8:00:00','17:00:00'),
 (1944,'31','2022-12-22','8:00:00','17:00:00'),
 (1945,'16','2022-12-23','0:00:00','0:00:00'),
 (1946,'7','2022-12-23','0:00:00','0:00:00'),
 (1947,'11','2022-12-23','0:00:00','0:00:00'),
 (1948,'8','2022-12-23','0:00:00','0:00:00'),
 (1949,'9','2022-12-23','0:00:00','0:00:00'),
 (1950,'13','2022-12-23','8:00:00','17:00:00'),
 (1951,'14','2022-12-23','8:00:00','17:00:00'),
 (1952,'18','2022-12-23','8:00:00','17:00:00'),
 (1953,'19','2022-12-23','8:00:00','17:00:00'),
 (1954,'12','2022-12-23','8:00:00','17:00:00'),
 (1955,'17','2022-12-23','8:00:00','17:00:00'),
 (1956,'15','2022-12-23','8:00:00','17:00:00'),
 (1957,'20','2022-12-23','8:00:00','17:00:00'),
 (1958,'21','2022-12-23','8:00:00','17:00:00'),
 (1959,'22','2022-12-23','8:00:00','17:00:00'),
 (1960,'23','2022-12-23','8:00:00','17:00:00'),
 (1961,'24','2022-12-23','8:00:00','17:00:00'),
 (1962,'25','2022-12-23','8:00:00','17:00:00'),
 (1963,'26','2022-12-23','8:00:00','17:00:00'),
 (1964,'27','2022-12-23','8:00:00','17:00:00'),
 (1965,'28','2022-12-23','8:00:00','17:00:00'),
 (1966,'29','2022-12-23','8:00:00','17:00:00'),
 (1967,'30','2022-12-23','8:00:00','17:00:00'),
 (1968,'31','2022-12-23','8:00:00','17:00:00'),
 (1969,'16','2022-12-26','0:00:00','0:00:00'),
 (1970,'7','2022-12-26','0:00:00','0:00:00'),
 (1971,'11','2022-12-26','0:00:00','0:00:00'),
 (1972,'8','2022-12-26','0:00:00','0:00:00'),
 (1973,'9','2022-12-26','0:00:00','0:00:00'),
 (1974,'13','2022-12-26','8:00:00','17:00:00'),
 (1975,'14','2022-12-26','8:00:00','17:00:00'),
 (1976,'18','2022-12-26','8:00:00','17:00:00'),
 (1977,'19','2022-12-26','8:00:00','17:00:00'),
 (1978,'12','2022-12-26','8:00:00','17:00:00'),
 (1979,'17','2022-12-26','8:00:00','17:00:00'),
 (1980,'15','2022-12-26','10:00:00','17:00:00'),
 (1981,'20','2022-12-26','10:00:00','17:00:00'),
 (1982,'21','2022-12-26','10:00:00','17:00:00'),
 (1983,'22','2022-12-26','10:00:00','17:00:00'),
 (1984,'23','2022-12-26','10:00:00','17:00:00'),
 (1985,'24','2022-12-26','10:00:00','17:00:00'),
 (1986,'25','2022-12-26','10:00:00','17:00:00'),
 (1987,'26','2022-12-26','10:00:00','17:00:00'),
 (1988,'27','2022-12-26','10:00:00','17:00:00'),
 (1989,'28','2022-12-26','10:00:00','17:00:00'),
 (1990,'29','2022-12-26','10:00:00','17:00:00'),
 (1991,'30','2022-12-26','10:00:00','17:00:00'),
 (1992,'31','2022-12-26','10:00:00','17:00:00'),
 (1993,'16','2022-12-27','0:00:00','0:00:00'),
 (1994,'7','2022-12-27','0:00:00','0:00:00'),
 (1995,'11','2022-12-27','0:00:00','0:00:00'),
 (1996,'8','2022-12-27','0:00:00','0:00:00'),
 (1997,'9','2022-12-27','0:00:00','0:00:00'),
 (1998,'13','2022-12-27','8:00:00','17:00:00'),
 (1999,'14','2022-12-27','8:00:00','17:00:00'),
 (2000,'18','2022-12-27','8:00:00','17:00:00'),
 (2001,'19','2022-12-27','8:00:00','17:00:00'),
 (2002,'12','2022-12-27','8:00:00','17:00:00'),
 (2003,'17','2022-12-27','8:00:00','17:00:00'),
 (2004,'15','2022-12-27','8:00:00','17:00:00'),
 (2005,'20','2022-12-27','8:00:00','17:00:00'),
 (2006,'21','2022-12-27','8:00:00','17:00:00'),
 (2007,'22','2022-12-27','8:00:00','17:00:00'),
 (2008,'23','2022-12-27','8:00:00','17:00:00'),
 (2009,'24','2022-12-27','8:00:00','17:00:00'),
 (2010,'25','2022-12-27','8:00:00','17:00:00'),
 (2011,'26','2022-12-27','8:00:00','17:00:00'),
 (2012,'27','2022-12-27','8:00:00','17:00:00'),
 (2013,'28','2022-12-27','8:00:00','17:00:00'),
 (2014,'29','2022-12-27','8:00:00','17:00:00'),
 (2015,'30','2022-12-27','8:00:00','17:00:00'),
 (2016,'31','2022-12-27','8:00:00','17:00:00'),
 (2017,'16','2022-12-28','0:00:00','0:00:00'),
 (2018,'7','2022-12-28','0:00:00','0:00:00'),
 (2019,'11','2022-12-28','0:00:00','0:00:00'),
 (2020,'8','2022-12-28','0:00:00','0:00:00'),
 (2021,'9','2022-12-28','0:00:00','0:00:00'),
 (2022,'13','2022-12-28','8:27:00','17:00:00'),
 (2023,'14','2022-12-28','8:01:00','17:00:00'),
 (2024,'18','2022-12-28','8:05:00','17:00:00'),
 (2025,'19','2022-12-28','8:00:00','17:00:00'),
 (2026,'12','2022-12-28','8:00:00','17:00:00'),
 (2027,'17','2022-12-28','8:00:00','17:00:00'),
 (2028,'15','2022-12-28','8:00:00','17:00:00'),
 (2029,'20','2022-12-28','8:00:00','17:00:00'),
 (2030,'21','2022-12-28','8:00:00','17:00:00'),
 (2031,'22','2022-12-28','8:28:00','17:00:00'),
 (2032,'23','2022-12-28','8:00:00','17:00:00'),
 (2033,'24','2022-12-28','8:00:00','17:00:00'),
 (2034,'25','2022-12-28','8:00:00','17:00:00'),
 (2035,'26','2022-12-28','8:00:00','17:00:00'),
 (2036,'27','2022-12-28','8:11:00','17:00:00'),
 (2037,'28','2022-12-28','8:00:00','17:00:00'),
 (2038,'29','2022-12-28','8:00:00','17:00:00'),
 (2039,'30','2022-12-28','8:21:00','17:00:00'),
 (2040,'31','2022-12-28','8:00:00','17:00:00'),
 (2041,'16','2022-12-29','0:00:00','0:00:00'),
 (2042,'7','2022-12-29','0:00:00','0:00:00'),
 (2043,'11','2022-12-29','0:00:00','0:00:00'),
 (2044,'8','2022-12-29','0:00:00','0:00:00'),
 (2045,'9','2022-12-29','0:00:00','0:00:00'),
 (2046,'13','2022-12-29','8:00:00','17:00:00'),
 (2047,'14','2022-12-29','8:00:00','17:00:00'),
 (2048,'18','2022-12-29','8:00:00','17:00:00'),
 (2049,'19','2022-12-29','8:00:00','17:00:00'),
 (2050,'12','2022-12-29','8:00:00','17:00:00'),
 (2051,'17','2022-12-29','8:00:00','17:00:00'),
 (2052,'15','2022-12-29','8:00:00','17:00:00'),
 (2053,'20','2022-12-29','8:00:00','17:00:00'),
 (2054,'21','2022-12-29','8:00:00','17:00:00'),
 (2055,'22','2022-12-29','8:00:00','17:00:00'),
 (2056,'23','2022-12-29','8:00:00','17:00:00'),
 (2057,'24','2022-12-29','8:00:00','17:00:00'),
 (2058,'25','2022-12-29','8:00:00','17:00:00'),
 (2059,'26','2022-12-29','8:00:00','17:00:00'),
 (2060,'27','2022-12-29','8:00:00','17:00:00'),
 (2061,'28','2022-12-29','8:00:00','17:00:00'),
 (2062,'29','2022-12-29','8:00:00','17:00:00'),
 (2063,'30','2022-12-29','8:00:00','17:00:00'),
 (2064,'31','2022-12-29','8:00:00','17:00:00'),
 (2065,'16','2022-12-30','0:00:00','0:00:00'),
 (2066,'7','2022-12-30','0:00:00','0:00:00'),
 (2067,'11','2022-12-30','0:00:00','0:00:00'),
 (2068,'8','2022-12-30','0:00:00','0:00:00'),
 (2069,'9','2022-12-30','0:00:00','0:00:00'),
 (2070,'13','2022-12-30','0:00:00','0:00:00'),
 (2071,'14','2022-12-30','0:00:00','0:00:00'),
 (2072,'18','2022-12-30','0:00:00','0:00:00'),
 (2073,'19','2022-12-30','0:00:00','0:00:00'),
 (2074,'12','2022-12-30','0:00:00','0:00:00'),
 (2075,'17','2022-12-30','0:00:00','0:00:00'),
 (2076,'15','2022-12-30','0:00:00','0:00:00'),
 (2077,'20','2022-12-30','0:00:00','0:00:00'),
 (2078,'21','2022-12-30','0:00:00','0:00:00'),
 (2079,'22','2022-12-30','0:00:00','0:00:00'),
 (2080,'23','2022-12-30','0:00:00','0:00:00'),
 (2081,'24','2022-12-30','0:00:00','0:00:00'),
 (2082,'25','2022-12-30','0:00:00','0:00:00'),
 (2083,'26','2022-12-30','0:00:00','0:00:00'),
 (2084,'27','2022-12-30','0:00:00','0:00:00'),
 (2085,'28','2022-12-30','0:00:00','0:00:00'),
 (2086,'29','2022-12-30','0:00:00','0:00:00'),
 (2087,'30','2022-12-30','0:00:00','0:00:00'),
 (2088,'31','2022-12-30','0:00:00','0:00:00');
INSERT INTO "benefits" ("position","rice_subsidy","phone_allowance","clothing_allowance") VALUES ('Chief Executive Officer',1500,2000,1000),
 ('Chief Operating Officer',1500,2000,1000),
 ('Chief Finance Officer',1500,2000,1000),
 ('Chief Marketing Officer',1500,2000,1000),
 ('IT Operations and Systems',1500,1000,1000),
 ('HR Manager',1500,1000,1000),
 ('HR Team Leader',1500,800,800),
 ('HR Rank and File',1500,500,500),
 ('Accounting Head',1500,1000,1000),
 ('Payroll Manager',1500,1000,1000),
 ('Payroll Team Leader',1500,800,800),
 ('Payroll Rank and File',1500,500,500),
 ('Account Manager',1500,1000,1000),
 ('Account Team Leader',1500,800,800),
 ('Account Rank and File',1500,500,500),
 ('Sales & Marketing',1500,1000,1000),
 ('Supply Chain and Logistics',1500,1000,1000),
 ('Customer Service and Relations',1500,1000,1000);
INSERT INTO "employee" ("employee_id","last_name","first_name","birthday","phone_number","address","status","position","supervisor","department","basic_salary","hourly_rate") VALUES ('1','Garcia','Manuel III','1983-10-11','966-860-270','Valero Carpark Building Valero Street 1227, Makati City','Regular','Chief Executive Officer','N/A','Executive',90000,535.71),
 ('2','Lim','Antonio','1988-06-19','171-867-411','San Antonio De Padua 2, Block 1 Lot 8 and 2, Dasmarinas, Cavite','Regular','Chief Operating Officer','Garcia, Manuel III','Executive',60000,357.14),
 ('3','Aquino','Bianca Sofia','1989-08-04','966-889-370','Rm. 402 4/F Jiao Building Timog Avenue Cor. Quezon Avenue 1100, Quezon City','Regular','Chief Finance Officer','Garcia, Manuel III','Executive',60000,357.14),
 ('4','Reyes','Isabella','1994-06-16','786-868-477','460 Solanda Street Intramuros 1000, Manila','Regular','Chief Marketing Officer','Garcia, Manuel III','Executive',60000,357.14),
 ('5','Hernandez','Eduard','1989-09-23','088-861-012','National Highway, Gingoog,  Misamis Occidental','Regular','IT Operations and Systems','Lim, Antonio','IT',52670,313.51),
 ('6','Villanueva','Andrea Mae','1988-02-14','918-621-603','17/85 Stracke Via Suite 042, Poblacion, Las Pias 4783 Dinagat Islands','Regular','HR Manager','Lim, Antonio','Human Resource',52670,313.51),
 ('7','San Jose','Brad','1996-03-15','797-009-261','99 Strosin Hills, Poblacion, Bislig 5340 Tawi-Tawi','Regular','HR Team Leader','Villanueva, Andrea Mae','Human Resource',42975,255.8),
 ('8','Romualdez','Alice','1992-05-14','983-606-799','12A/33 Upton Isle Apt. 420, Roxas City 1814 Surigao del Norte','Regular','HR Rank and File','San, Jose Brad','Human Resource',22500,133.93),
 ('9','Atienza','Rosie','1948-09-24','266-036-427','90A Dibbert Terrace Apt. 190, San Lorenzo 6056 Davao del Norte','Regular','HR Rank and File','San, Jose Brad','Human Resource',22500,133.93),
 ('10','Alvaro','Roderick','1988-03-30','053-381-386','#284 T. Morato corner, Scout Rallos Street, Quezon City','Regular','Accounting Head','Aquino, Bianca Sofia','Human Resource',52670,313.51),
 ('11','Salcedo','Anthony','1993-09-14','070-766-300','93/54 Shanahan Alley Apt. 183, Santo Tomas 1572 Masbate','Regular','Payroll Manager','Alvaro, Roderick','Human Resource',50825,302.53),
 ('12','Lopez','Josie','1987-01-14','478-355-427','49 Springs Apt. 266, Poblacion, Taguig 3200 Occidental Mindoro','Regular','Payroll Team Leader','Salcedo, Anthony','Human Resource',38475,229.02),
 ('13','Farala','Martha','1942-01-11','329-034-366','42/25 Sawayn Stream, Ubay 1208 Zamboanga del Norte','Regular','Payroll Rank and File','Salcedo, Anthony','Human Resource',24000,142.86),
 ('14','Martinez','Leila','1970-07-11','877-110-749','37/46 Kulas Roads, Maragondon 0962 Quirino','Regular','Payroll Rank and File','Salcedo, Anthony','Human Resource',24000,142.86),
 ('15','Romualdez','Fredrick','1985-03-10','023-079-009','22A/52 Lubowitz Meadows, Pililla 4895 Zambales','Regular','Account Manager','Lim, Antonio','Accounting',53500,318.45),
 ('16','Mata','Christian','1987-10-21','783-776-744','90 O''Keefe Spur Apt. 379, Catigbian 2772 Sulu','Regular','Account Team Leader','Romualdez, Fredrick','Accounting',42975,255.8),
 ('17','De Leon','Selena','1975-02-20','975-432-139','89A Armstrong Trace, Compostela 7874 Maguindanao','Regular','Account Team Leader','Romualdez, Fredrick','Accounting',41850,249.11),
 ('18','San Jose','Allison','1986-06-24','179-075-129','08 Grant Drive Suite 406, Poblacion, Iloilo City 9186 La Union','Regular','Account Rank and File','Mata, Christian','Accounting',22500,133.93),
 ('19','Rosario','Cydney','1996-10-06','868-819-912','93A/21 Berge Points, Tapaz 2180 Quezon','Regular','Account Rank and File','Mata, Christian','Accounting',22500,133.93),
 ('20','Bautista','Mark','1991-02-12','683-725-348','65 Murphy Center Suite 094, Poblacion, Palayan 5636 Quirino','Regular','Account Rank and File','Mata, Christian','Accounting',23250,138.39),
 ('21','Lazaro','Darlene','1985-11-25','740-721-558','47A/94 Larkin Plaza Apt. 179, Poblacion, Caloocan 2751 Quirino','Probationary','Account Rank and File','Mata, Christian','Accounting',23250,138.39),
 ('22','Delos Santos','Kolby','1980-02-26','739-443-033','06A Gulgowski Extensions, Bongabon 6085 Zamboanga del Sur','Probationary','Account Rank and File','Mata, Christian','Accounting',24000,142.86),
 ('23','Santos','Vella','1983-12-31','955-879-269','99A Padberg Spring, Poblacion, Mabalacat 3959 Lanao del Sur','Probationary','Account Rank and File','Mata, Christian','Accounting',22500,133.93),
 ('24','Del Rosario','Tomas','1978-12-18','882-550-989','80A/48 Ledner Ridges, Poblacion, Kabankalan 8870 Marinduque','Probationary','Account Rank and File','Mata, Christian','Accounting',22500,133.93),
 ('25','Tolentino','Jacklyn','1984-05-19','675-757-366','96/48 Watsica Flats Suite 734, Poblacion, Malolos 1844 Ifugao','Probationary','Account Rank and File','De Leon, Selena','Accounting',24000,142.86),
 ('26','Gutierrez','Percival','1970-12-18','512-899-876','58A Wilderman Walks, Poblacion, Digos 5822 Davao del Sur','Probationary','Account Rank and File','De Leon, Selena','Accounting',24750,147.32),
 ('27','Manalaysay','Garfield','1986-08-28','948-628-136','60 Goyette Valley Suite 219, Poblacion, Tabuk 3159 Lanao del Sur','Probationary','Account Rank and File','De Leon, Selena','Accounting',24750,147.32),
 ('28','Villegas','Lizeth','1981-12-12','332-372-215','66/77 Mann Views, Luisiana 1263 Dinagat Islands','Probationary','Account Rank and File','De Leon, Selena','Accounting',24000,142.86),
 ('29','Ramos','Carol','1978-08-20','250-700-389','72/70 Stamm Spurs, Bustos 4550 Iloilo','Probationary','Account Rank and File','De Leon, Selena','Accounting',22500,133.93),
 ('30','Maceda','Emelia','1973-04-14','973-358-041','50A/83 Bahringer Oval Suite 145, Kiamba 7688 Nueva Ecija','Probationary','Account Rank and File','De Leon, Selena','Accounting',22500,133.93),
 ('31','Aguilar','Delia','1989-01-27','529-705-439','95 Cremin Junction, Surallah 2809 Cotabato','Probationary','Account Rank and File','De Leon, Selena','Accounting',22500,133.93),
 ('32','Castro','John Rafael','1992-02-09','332-424-955','Hi-way, Yati, Liloan Cebu','Regular','Sales & Marketing','Reyes, Isabella','Sales',52670,313.51),
 ('33','Martinez','Carlos Ian','1990-11-16','078-854-208','Bulala, Camalaniugan','Regular','Supply Chain and Logistics','Reyes, Isabella','Logistics',52670,313.51),
 ('34','Santos','Beatriz','1990-08-07','526-639-511','Agapita Building, Metro Manila','Regular','Customer Service and Relations','Reyes, Isabella','Customer Service',52670,313.51);
INSERT INTO "leave_request" ("id","employee_id","leave_type","start_date","end_date","status") VALUES ('2-2022-01-01-2022-01-01','2','Vacation Leave','2022-01-01','2022-01-01','Rejected'),
 ('2-2025-01-01-2025-01-05','2','Vacation Leave','2025-01-01','2025-01-05','Approved'),
 ('20-2025-06-30-2025-07-01','20','Vacation Leave','2025-06-30','2025-07-01','Pending');
INSERT INTO "payroll" ("payroll_id","employee_id","period_start","period_end","working_hours","sss_contribution","philhealth_contribution","pagibig_contribution","witholding_tax","rice_subsidy","phone_allowance","clothing_allowance") VALUES ('7-2022-01-01-2022-01-15','7','2022-01-01','2022-01-15',150,1125,583.22,777.63,3265.69,1500,800,800),
 ('15-2022-01-01-2022-01-15','15','2022-01-01','2022-01-15',150,1125,726.07,968.09,5563.06,1500,1000,1000),
 ('27-2022-01-01-2022-01-31','27','2022-01-01','2022-01-31',13,135,28.73,38.3,0,1500,500,500),
 ('20-2022-01-01-2022-01-15','20','2022-01-01','2022-01-15',18,135,37.3653,49.8204,0,1500,500,500),
 ('11-2022-01-01-2022-01-15','11','2022-01-01','2022-01-15',18,247.5,81.6831,108.9108,0,1500,1000,1000),
 ('20-2022-02-01-2022-02-15','20','2022-02-01','2022-02-15',27,157.5,56.05,74.73,0,1500,500,500);
INSERT INTO "user" ("id","username","password","role") VALUES ('1','garciam','garciam123','Employee'),
 ('2','lima','lima123','Employee'),
 ('3','aquinob','aquinob123','Employee'),
 ('4','reyesi','reyesi123','Employee'),
 ('5','hernandeze','hernandeze123','Employee'),
 ('6','villanuevaa','villanuevaa123','HR Manager'),
 ('7','san joseb','san joseb123','HR Manager'),
 ('8','romualdeza','romualdeza123','HR Manager'),
 ('9','atienzar','atienzar123','HR Manager'),
 ('10','alvaror','alvaror123','Employee'),
 ('11','salcedoa','salcedoa123','Payroll Staff'),
 ('12','lopezj','lopezj123','Payroll Staff'),
 ('13','faralam','faralam123','Payroll Staff'),
 ('14','martinezl','martinezl123','Payroll Staff'),
 ('15','romualdezf','romualdezf123','Employee'),
 ('16','matac','matac123','Employee'),
 ('17','de leons','de leons123','Employee'),
 ('18','san josea','san josea123','Employee'),
 ('19','rosarioc','rosarioc123','Employee'),
 ('20','bautistam','bautistam123','Employee'),
 ('21','lazarod','lazarod123','Employee'),
 ('22','delos santosk','delos santosk123','Employee'),
 ('23','santosv','santosv123','Employee'),
 ('24','del rosariot','del rosariot123','Employee'),
 ('25','tolentinoj','tolentinoj123','Employee'),
 ('26','gutierrezp','gutierrezp123','Employee'),
 ('27','manalaysayg','manalaysayg123','Employee'),
 ('28','villegasl','villegasl123','Employee'),
 ('29','ramosc','ramosc123','Employee'),
 ('30','macedae','macedae123','Employee'),
 ('31','aguilard','aguilard123','Employee'),
 ('32','castroj','castroj123','Employee'),
 ('33','martinezc','martinezc123','Employee'),
 ('34','santosb','santosb123','Employee');
CREATE VIEW attendanceView as
select e.employee_id, e.last_name, e.first_name, a.date, a.time_in, time_out
from employee e join attendance a
on e.employee_id = a.employee_id;
CREATE VIEW leaveView AS
SELECT 
    l.id, 
    e.employee_id, 
    (e.last_name || ', ' || e.first_name) AS Name, 
	l.leave_type, 
    l.start_date, 
    l.end_date, 
    
    l.status
FROM 
    employee e 
JOIN 
    leave_request l ON e.employee_id = l.employee_id;
COMMIT;
